RECONYX - MapView Professional,,,,,,,,,,,,,,,,,,,,,,,,,,,,
Image Name,Site,Location,Trigger,Date,Time,Moon Phase,Illum,Label,Contrast,Brightness,Sharpness,Saturation,Sensitivity,Temp,Battery(Volts),Serial #,Narrative,Firmware,Image Path, Location Latitude, Location Longitude, Ir, Vir, Original File Name,1_orange,2_yellow,3_pink,4_snow
2023-09-20 12-00-00 T.JPG,My Site,JO c10,T,2023-09-20,12:00:00 PM,First Quarter,Off,HF2 PRO COVERT,128,0,128,128,90,42,9.5 (9.5 Avg),HLPXMQ12183707,,1.0.20230526a,C:\Users\jball\Pictures\RECONYX Images\My Site\JO c10\2023-09-20 12-00-00 T.JPG,,,1818,5702,,8,0,0,0
2023-09-21 12-00-00 T.JPG,My Site,JO c10,T,2023-09-21,12:00:00 PM,First Quarter,Off,HF2 PRO COVERT,128,0,128,128,90,44,9.6 (9.6 Avg),HLPXMQ12183707,,1.0.20230526a,C:\Users\jball\Pictures\RECONYX Images\My Site\JO c10\2023-09-21 12-00-00 T.JPG,,,1655,5264,,8,0,0,0
2023-09-22 12-00-00 T.JPG,My Site,JO c10,T,2023-09-22,12:00:00 PM,First Quarter,Off,HF2 PRO COVERT,128,0,128,128,90,39,9.5 (9.5 Avg),HLPXMQ12183707,,1.0.20230526a,C:\Users\jball\Pictures\RECONYX Images\My Site\JO c10\2023-09-22 12-00-00 T.JPG,,,1349,4750,,8,0,0,0
2023-09-23 12-00-00 T.JPG,My Site,JO c10,T,2023-09-23,12:00:00 PM,First Quarter,Off,HF2 PRO COVERT,128,0,128,128,90,37,9.5 (9.5 Avg),HLPXMQ12183707,,1.0.20230526a,C:\Users\jball\Pictures\RECONYX Images\My Site\JO c10\2023-09-23 12-00-00 T.JPG,,,999,3697,,8,0,0,0
2023-09-24 12-00-00 T.JPG,My Site,JO c10,T,2023-09-24,12:00:00 PM,Waxing Gibbous,Off,HF2 PRO COVERT,128,0,128,128,90,32,9.4 (9.4 Avg),HLPXMQ12183707,,1.0.20230526a,C:\Users\jball\Pictures\RECONYX Images\My Site\JO c10\2023-09-24 12-00-00 T.JPG,,,2016,6474,,8,0,0,0
2023-09-25 12-00-00 T.JPG,My Site,JO c10,T,2023-09-25,12:00:00 PM,Waxing Gibbous,Off,HF2 PRO COVERT,128,0,128,128,90,33,9.5 (9.5 Avg),HLPXMQ12183707,,1.0.20230526a,C:\Users\jball\Pictures\RECONYX Images\My Site\JO c10\2023-09-25 12-00-00 T.JPG,,,624,2235,,8,0,0,0
2023-09-26 12-00-00 T.JPG,My Site,JO c10,T,2023-09-26,12:00:00 PM,Waxing Gibbous,Off,HF2 PRO COVERT,128,0,128,128,90,35,9.5 (9.5 Avg),HLPXMQ12183707,,1.0.20230526a,C:\Users\jball\Pictures\RECONYX Images\My Site\JO c10\2023-09-26 12-00-00 T.JPG,,,440,1550,,8,0,0,0
2023-09-27 12-00-00 T.JPG,My Site,JO c10,T,2023-09-27,12:00:00 PM,Waxing Gibbous,Off,HF2 PRO COVERT,128,0,128,128,90,37,9.5 (9.5 Avg),HLPXMQ12183707,,1.0.20230526a,C:\Users\jball\Pictures\RECONYX Images\My Site\JO c10\2023-09-27 12-00-00 T.JPG,,,754,2642,,8,0,0,0
2023-09-28 12-00-00 T.JPG,My Site,JO c10,T,2023-09-28,12:00:00 PM,Full Moon,Off,HF2 PRO COVERT,128,0,128,128,90,35,9.5 (9.5 Avg),HLPXMQ12183707,,1.0.20230526a,C:\Users\jball\Pictures\RECONYX Images\My Site\JO c10\2023-09-28 12-00-00 T.JPG,,,756,2694,,8,0,0,0
2023-09-29 12-00-00 T.JPG,My Site,JO c10,T,2023-09-29,12:00:00 PM,Full Moon,Off,HF2 PRO COVERT,128,0,128,128,90,35,9.5 (9.5 Avg),HLPXMQ12183707,,1.0.20230526a,C:\Users\jball\Pictures\RECONYX Images\My Site\JO c10\2023-09-29 12-00-00 T.JPG,,,394,1395,,8,0,0,0
2023-09-30 12-00-00 T.JPG,My Site,JO c10,T,2023-09-30,12:00:00 PM,Full Moon,Off,HF2 PRO COVERT,128,0,128,128,90,33,9.5 (9.5 Avg),HLPXMQ12183707,,1.0.20230526a,C:\Users\jball\Pictures\RECONYX Images\My Site\JO c10\2023-09-30 12-00-00 T.JPG,,,1134,4015,,8,0,0,0
2023-10-01 12-00-00 T.JPG,My Site,JO c10,T,2023-10-01,12:00:00 PM,Waning Gibbous,Off,HF2 PRO COVERT,128,0,128,128,90,41,9.6 (9.6 Avg),HLPXMQ12183707,,1.0.20230526a,C:\Users\jball\Pictures\RECONYX Images\My Site\JO c10\2023-10-01 12-00-00 T.JPG,,,1099,4040,,8,0,0,0
2023-10-02 12-00-00 T.JPG,My Site,JO c10,T,2023-10-02,12:00:00 PM,Waning Gibbous,Off,HF2 PRO COVERT,128,0,128,128,90,35,9.5 (9.5 Avg),HLPXMQ12183707,,1.0.20230526a,C:\Users\jball\Pictures\RECONYX Images\My Site\JO c10\2023-10-02 12-00-00 T.JPG,,,1529,5005,,8,0,0,0
2023-10-03 12-00-00 T.JPG,My Site,JO c10,T,2023-10-03,12:00:00 PM,Waning Gibbous,Off,HF2 PRO COVERT,128,0,128,128,90,31,9.4 (9.4 Avg),HLPXMQ12183707,,1.0.20230526a,C:\Users\jball\Pictures\RECONYX Images\My Site\JO c10\2023-10-03 12-00-00 T.JPG,,,1032,3914,,8,0,0,0
2023-10-04 12-00-00 T.JPG,My Site,JO c10,T,2023-10-04,12:00:00 PM,Waning Gibbous,Off,HF2 PRO COVERT,128,0,128,128,90,27,9.4 (9.4 Avg),HLPXMQ12183707,,1.0.20230526a,C:\Users\jball\Pictures\RECONYX Images\My Site\JO c10\2023-10-04 12-00-00 T.JPG,,,1521,4921,,8,0,0,0
2023-10-05 12-00-00 T.JPG,My Site,JO c10,T,2023-10-05,12:00:00 PM,Last Quarter,Off,HF2 PRO COVERT,128,0,128,128,90,29,9.4 (9.4 Avg),HLPXMQ12183707,,1.0.20230526a,C:\Users\jball\Pictures\RECONYX Images\My Site\JO c10\2023-10-05 12-00-00 T.JPG,,,307,1112,,8,0,0,0
2023-10-06 12-00-00 T.JPG,My Site,JO c10,T,2023-10-06,12:00:00 PM,Last Quarter,Off,HF2 PRO COVERT,128,0,128,128,90,44,9.7 (9.7 Avg),HLPXMQ12183707,,1.0.20230526a,C:\Users\jball\Pictures\RECONYX Images\My Site\JO c10\2023-10-06 12-00-00 T.JPG,,,881,3323,,8,0,0,0
2023-10-07 12-00-00 T.JPG,My Site,JO c10,T,2023-10-07,12:00:00 PM,Last Quarter,Off,HF2 PRO COVERT,128,0,128,128,90,39,9.6 (9.6 Avg),HLPXMQ12183707,,1.0.20230526a,C:\Users\jball\Pictures\RECONYX Images\My Site\JO c10\2023-10-07 12-00-00 T.JPG,,,221,814,,8,0,0,0
2023-10-08 12-00-00 T.JPG,My Site,JO c10,T,2023-10-08,12:00:00 PM,Last Quarter,Off,HF2 PRO COVERT,128,0,128,128,90,39,9.6 (9.6 Avg),HLPXMQ12183707,,1.0.20230526a,C:\Users\jball\Pictures\RECONYX Images\My Site\JO c10\2023-10-08 12-00-00 T.JPG,,,1851,6111,,8,0,0,0
2023-10-09 12-00-00 T.JPG,My Site,JO c10,T,2023-10-09,12:00:00 PM,Waning Crescent,Off,HF2 PRO COVERT,128,0,128,128,90,31,9.5 (9.5 Avg),HLPXMQ12183707,,1.0.20230526a,C:\Users\jball\Pictures\RECONYX Images\My Site\JO c10\2023-10-09 12-00-00 T.JPG,,,487,2070,,8,0,0,2
2023-10-10 12-00-00 T.JPG,My Site,JO c10,T,2023-10-10,12:00:00 PM,Waning Crescent,Off,HF2 PRO COVERT,128,0,128,128,90,32,9.5 (9.5 Avg),HLPXMQ12183707,,1.0.20230526a,C:\Users\jball\Pictures\RECONYX Images\My Site\JO c10\2023-10-10 12-00-00 T.JPG,,,1432,4966,,8,0,0,2
2023-10-11 12-00-00 T.JPG,My Site,JO c10,T,2023-10-11,12:00:00 PM,Waning Crescent,Off,HF2 PRO COVERT,128,0,128,128,90,31,9.4 (9.4 Avg),HLPXMQ12183707,,1.0.20230526a,C:\Users\jball\Pictures\RECONYX Images\My Site\JO c10\2023-10-11 12-00-00 T.JPG,,,798,3119,,8,0,0,2
2023-10-12 12-00-00 T.JPG,My Site,JO c10,T,2023-10-12,12:00:00 PM,New Moon,Off,HF2 PRO COVERT,128,0,128,128,90,31,9.5 (9.5 Avg),HLPXMQ12183707,,1.0.20230526a,C:\Users\jball\Pictures\RECONYX Images\My Site\JO c10\2023-10-12 12-00-00 T.JPG,,,630,2413,,8,0,0,2
2023-10-13 12-00-00 T.JPG,My Site,JO c10,T,2023-10-13,12:00:00 PM,New Moon,Off,HF2 PRO COVERT,128,0,128,128,90,37,9.5 (9.5 Avg),HLPXMQ12183707,,1.0.20230526a,C:\Users\jball\Pictures\RECONYX Images\My Site\JO c10\2023-10-13 12-00-00 T.JPG,,,600,2693,,8,0,0,2
2023-10-14 12-00-00 T.JPG,My Site,JO c10,T,2023-10-14,12:00:00 PM,New Moon,Off,HF2 PRO COVERT,128,0,128,128,90,37,9.5 (9.5 Avg),HLPXMQ12183707,,1.0.20230526a,C:\Users\jball\Pictures\RECONYX Images\My Site\JO c10\2023-10-14 12-00-00 T.JPG,,,758,3036,,8,0,0,2
2023-10-15 12-00-00 T.JPG,My Site,JO c10,T,2023-10-15,12:00:00 PM,New Moon,Off,HF2 PRO COVERT,128,0,128,128,90,31,9.4 (9.4 Avg),HLPXMQ12183707,,1.0.20230526a,C:\Users\jball\Pictures\RECONYX Images\My Site\JO c10\2023-10-15 12-00-00 T.JPG,,,1104,3905,,8,0,0,2
2023-10-16 12-00-00 T.JPG,My Site,JO c10,T,2023-10-16,12:00:00 PM,Waxing Crescent,Off,HF2 PRO COVERT,128,0,128,128,90,25,9.4 (9.4 Avg),HLPXMQ12183707,,1.0.20230526a,C:\Users\jball\Pictures\RECONYX Images\My Site\JO c10\2023-10-16 12-00-00 T.JPG,,,812,3086,,8,0,0,2
2023-10-17 12-00-00 T.JPG,My Site,JO c10,T,2023-10-17,12:00:00 PM,Waxing Crescent,Off,HF2 PRO COVERT,128,0,128,128,90,35,9.5 (9.5 Avg),HLPXMQ12183707,,1.0.20230526a,C:\Users\jball\Pictures\RECONYX Images\My Site\JO c10\2023-10-17 12-00-00 T.JPG,,,247,1160,,8,0,0,2
2023-10-18 12-00-00 T.JPG,My Site,JO c10,T,2023-10-18,12:00:00 PM,Waxing Crescent,Off,HF2 PRO COVERT,128,0,128,128,90,32,9.5 (9.5 Avg),HLPXMQ12183707,,1.0.20230526a,C:\Users\jball\Pictures\RECONYX Images\My Site\JO c10\2023-10-18 12-00-00 T.JPG,,,701,2615,,8,0,0,2
2023-10-19 12-00-00 T.JPG,My Site,JO c10,T,2023-10-19,12:00:00 PM,Waxing Crescent,Off,HF2 PRO COVERT,128,0,128,128,90,23,9.4 (9.4 Avg),HLPXMQ12183707,,1.0.20230526a,C:\Users\jball\Pictures\RECONYX Images\My Site\JO c10\2023-10-19 12-00-00 T.JPG,,,583,2348,,8,0,0,2
2023-10-20 12-00-00 T.JPG,My Site,JO c10,T,2023-10-20,12:00:00 PM,First Quarter,Off,HF2 PRO COVERT,128,0,128,128,90,18,9.2 (9.2 Avg),HLPXMQ12183707,,1.0.20230526a,C:\Users\jball\Pictures\RECONYX Images\My Site\JO c10\2023-10-20 12-00-00 T.JPG,,,818,3300,,8,4,0,4
2023-10-21 12-00-00 T.JPG,My Site,JO c10,T,2023-10-21,12:00:00 PM,First Quarter,Off,HF2 PRO COVERT,128,0,128,128,90,16,9.2 (9.2 Avg),HLPXMQ12183707,,1.0.20230526a,C:\Users\jball\Pictures\RECONYX Images\My Site\JO c10\2023-10-21 12-00-00 T.JPG,,,1072,4108,,8,4,0,4
2023-10-22 12-00-00 T.JPG,My Site,JO c10,T,2023-10-22,12:00:00 PM,First Quarter,Off,HF2 PRO COVERT,128,0,128,128,90,11,9.1 (9.1 Avg),HLPXMQ12183707,,1.0.20230526a,C:\Users\jball\Pictures\RECONYX Images\My Site\JO c10\2023-10-22 12-00-00 T.JPG,,,973,3564,,8,4,0,4
2023-10-23 12-00-00 T.JPG,My Site,JO c10,T,2023-10-23,12:00:00 PM,First Quarter,Off,HF2 PRO COVERT,128,0,128,128,90,11,9.1 (9.1 Avg),HLPXMQ12183707,,1.0.20230526a,C:\Users\jball\Pictures\RECONYX Images\My Site\JO c10\2023-10-23 12-00-00 T.JPG,,,938,3577,,8,4,0,4
2023-10-24 12-00-00 T.JPG,My Site,JO c10,T,2023-10-24,12:00:00 PM,Waxing Gibbous,Off,HF2 PRO COVERT,128,0,128,128,90,7,9.0 (9.0 Avg),HLPXMQ12183707,,1.0.20230526a,C:\Users\jball\Pictures\RECONYX Images\My Site\JO c10\2023-10-24 12-00-00 T.JPG,,,1018,3927,,8,4,0,4
2023-10-25 12-00-00 T.JPG,My Site,JO c10,T,2023-10-25,12:00:00 PM,Waxing Gibbous,Off,HF2 PRO COVERT,128,0,128,128,90,25,9.4 (9.4 Avg),HLPXMQ12183707,,1.0.20230526a,C:\Users\jball\Pictures\RECONYX Images\My Site\JO c10\2023-10-25 12-00-00 T.JPG,,,575,2511,,8,2,,4
2023-10-26 12-00-00 T.JPG,My Site,JO c10,T,2023-10-26,12:00:00 PM,Waxing Gibbous,Off,HF2 PRO COVERT,128,0,128,128,90,11,9.1 (9.1 Avg),HLPXMQ12183707,,1.0.20230526a,C:\Users\jball\Pictures\RECONYX Images\My Site\JO c10\2023-10-26 12-00-00 T.JPG,,,863,3315,,8,2,,4
2023-10-27 12-00-00 T.JPG,My Site,JO c10,T,2023-10-27,12:00:00 PM,Full Moon,Off,HF2 PRO COVERT,128,0,128,128,90,11,9.1 (9.1 Avg),HLPXMQ12183707,,1.0.20230526a,C:\Users\jball\Pictures\RECONYX Images\My Site\JO c10\2023-10-27 12-00-00 T.JPG,,,677,2698,,8,2,,4
2023-10-28 12-00-00 T.JPG,My Site,JO c10,T,2023-10-28,12:00:00 PM,Full Moon,Off,HF2 PRO COVERT,128,0,128,128,90,13,9.1 (9.1 Avg),HLPXMQ12183707,,1.0.20230526a,C:\Users\jball\Pictures\RECONYX Images\My Site\JO c10\2023-10-28 12-00-00 T.JPG,,,742,2999,,8,2,,4
2023-10-29 12-00-00 T.JPG,My Site,JO c10,T,2023-10-29,12:00:00 PM,Full Moon,Off,HF2 PRO COVERT,128,0,128,128,90,23,9.3 (9.3 Avg),HLPXMQ12183707,,1.0.20230526a,C:\Users\jball\Pictures\RECONYX Images\My Site\JO c10\2023-10-29 12-00-00 T.JPG,,,558,2117,,8,2,,4
2023-10-30 12-00-00 T.JPG,My Site,JO c10,T,2023-10-30,12:00:00 PM,Full Moon,Off,HF2 PRO COVERT,128,0,128,128,90,29,9.4 (9.4 Avg),HLPXMQ12183707,,1.0.20230526a,C:\Users\jball\Pictures\RECONYX Images\My Site\JO c10\2023-10-30 12-00-00 T.JPG,,,728,2759,,8,0,0,3
2023-10-31 12-00-00 T.JPG,My Site,JO c10,T,2023-10-31,12:00:00 PM,Waning Gibbous,Off,HF2 PRO COVERT,128,0,128,128,90,31,9.4 (9.4 Avg),HLPXMQ12183707,,1.0.20230526a,C:\Users\jball\Pictures\RECONYX Images\My Site\JO c10\2023-10-31 12-00-00 T.JPG,,,580,2287,,8,0,0,3
2023-11-01 12-00-00 T.JPG,My Site,JO c10,T,2023-11-01,12:00:00 PM,Waning Gibbous,Off,HF2 PRO COVERT,128,0,128,128,90,25,9.4 (9.4 Avg),HLPXMQ12183707,,1.0.20230526a,C:\Users\jball\Pictures\RECONYX Images\My Site\JO c10\2023-11-01 12-00-00 T.JPG,,,648,2456,,8,0,0,3
2023-11-02 12-00-00 T.JPG,My Site,JO c10,T,2023-11-02,12:00:00 PM,Waning Gibbous,Off,HF2 PRO COVERT,128,0,128,128,90,16,9.2 (9.2 Avg),HLPXMQ12183707,,1.0.20230526a,C:\Users\jball\Pictures\RECONYX Images\My Site\JO c10\2023-11-02 12-00-00 T.JPG,,,961,3471,,8,0,0,3
2023-11-03 12-00-00 T.JPG,My Site,JO c10,T,2023-11-03,12:00:00 PM,Last Quarter,Off,HF2 PRO COVERT,128,0,128,128,90,22,9.3 (9.3 Avg),HLPXMQ12183707,,1.0.20230526a,C:\Users\jball\Pictures\RECONYX Images\My Site\JO c10\2023-11-03 12-00-00 T.JPG,,,564,2140,,8,0,0,3
2023-11-04 12-00-00 T.JPG,My Site,JO c10,T,2023-11-04,12:00:00 PM,Last Quarter,Off,HF2 PRO COVERT,128,0,128,128,90,25,9.4 (9.4 Avg),HLPXMQ12183707,,1.0.20230526a,C:\Users\jball\Pictures\RECONYX Images\My Site\JO c10\2023-11-04 12-00-00 T.JPG,,,523,2126,,8,0,0,3
2023-11-05 12-00-00 T.JPG,My Site,JO c10,T,2023-11-05,12:00:00 PM,Last Quarter,Off,HF2 PRO COVERT,128,0,128,128,90,25,9.4 (9.4 Avg),HLPXMQ12183707,,1.0.20230526a,C:\Users\jball\Pictures\RECONYX Images\My Site\JO c10\2023-11-05 12-00-00 T.JPG,,,187,756,,8,0,0,3
2023-11-06 12-00-00 T.JPG,My Site,JO c10,T,2023-11-06,12:00:00 PM,Last Quarter,Off,HF2 PRO COVERT,128,0,128,128,90,23,9.4 (9.4 Avg),HLPXMQ12183707,,1.0.20230526a,C:\Users\jball\Pictures\RECONYX Images\My Site\JO c10\2023-11-06 12-00-00 T.JPG,,,230,1045,,8,0,0,3
2023-11-07 12-00-00 T.JPG,My Site,JO c10,T,2023-11-07,12:00:00 PM,Waning Crescent,Off,HF2 PRO COVERT,128,0,128,128,90,22,9.3 (9.3 Avg),HLPXMQ12183707,,1.0.20230526a,C:\Users\jball\Pictures\RECONYX Images\My Site\JO c10\2023-11-07 12-00-00 T.JPG,,,438,1887,,8,0,0,3
2023-11-08 12-00-00 T.JPG,My Site,JO c10,T,2023-11-08,12:00:00 PM,Waning Crescent,Off,HF2 PRO COVERT,128,0,128,128,90,31,9.4 (9.4 Avg),HLPXMQ12183707,,1.0.20230526a,C:\Users\jball\Pictures\RECONYX Images\My Site\JO c10\2023-11-08 12-00-00 T.JPG,,,487,1854,,8,0,0,3
2023-11-09 12-00-00 T.JPG,My Site,JO c10,T,2023-11-09,12:00:00 PM,Waning Crescent,Off,HF2 PRO COVERT,128,0,128,128,90,29,9.5 (9.5 Avg),HLPXMQ12183707,,1.0.20230526a,C:\Users\jball\Pictures\RECONYX Images\My Site\JO c10\2023-11-09 12-00-00 T.JPG,,,199,1145,,8,0,0,3
2023-11-10 12-00-00 T.JPG,My Site,JO c10,T,2023-11-10,12:00:00 PM,Waning Crescent,Off,HF2 PRO COVERT,128,0,128,128,90,20,9.3 (9.3 Avg),HLPXMQ12183707,,1.0.20230526a,C:\Users\jball\Pictures\RECONYX Images\My Site\JO c10\2023-11-10 12-00-00 T.JPG,,,414,1537,,8,0,0,3
2023-11-11 12-00-00 T.JPG,My Site,JO c10,T,2023-11-11,12:00:00 PM,New Moon,Off,HF2 PRO COVERT,128,0,128,128,90,23,9.3 (9.3 Avg),HLPXMQ12183707,,1.0.20230526a,C:\Users\jball\Pictures\RECONYX Images\My Site\JO c10\2023-11-11 12-00-00 T.JPG,,,374,1464,,8,0,0,3
2023-11-12 12-00-00 T.JPG,My Site,JO c10,T,2023-11-12,12:00:00 PM,New Moon,Off,HF2 PRO COVERT,128,0,128,128,90,20,9.3 (9.3 Avg),HLPXMQ12183707,,1.0.20230526a,C:\Users\jball\Pictures\RECONYX Images\My Site\JO c10\2023-11-12 12-00-00 T.JPG,,,427,1723,,8,2,0,5
2023-11-13 12-00-00 T.JPG,My Site,JO c10,T,2023-11-13,12:00:00 PM,New Moon,Off,HF2 PRO COVERT,128,0,128,128,90,9,9.1 (9.1 Avg),HLPXMQ12183707,,1.0.20230526a,C:\Users\jball\Pictures\RECONYX Images\My Site\JO c10\2023-11-13 12-00-00 T.JPG,,,472,1800,,8,2,0,5
2023-11-14 12-00-00 T.JPG,My Site,JO c10,T,2023-11-14,12:00:00 PM,New Moon,Off,HF2 PRO COVERT,128,0,128,128,90,14,9.2 (9.2 Avg),HLPXMQ12183707,,1.0.20230526a,C:\Users\jball\Pictures\RECONYX Images\My Site\JO c10\2023-11-14 12-00-00 T.JPG,,,549,2209,,8,4,0,5
2023-11-15 12-00-00 T.JPG,My Site,JO c10,T,2023-11-15,12:00:00 PM,Waxing Crescent,Off,HF2 PRO COVERT,128,0,128,128,90,5,9.1 (9.1 Avg),HLPXMQ12183707,,1.0.20230526a,C:\Users\jball\Pictures\RECONYX Images\My Site\JO c10\2023-11-15 12-00-00 T.JPG,,,356,1532,,8,4,0,5
2023-11-16 12-00-00 T.JPG,My Site,JO c10,T,2023-11-16,12:00:00 PM,Waxing Crescent,Off,HF2 PRO COVERT,128,0,128,128,90,25,9.4 (9.4 Avg),HLPXMQ12183707,,1.0.20230526a,C:\Users\jball\Pictures\RECONYX Images\My Site\JO c10\2023-11-16 12-00-00 T.JPG,,,307,1471,,8,4,0,5
2023-11-17 12-00-00 T.JPG,My Site,JO c10,T,2023-11-17,12:00:00 PM,Waxing Crescent,Off,HF2 PRO COVERT,128,0,128,128,90,20,9.3 (9.3 Avg),HLPXMQ12183707,,1.0.20230526a,C:\Users\jball\Pictures\RECONYX Images\My Site\JO c10\2023-11-17 12-00-00 T.JPG,,,299,1418,,8,4,0,5
2023-11-18 12-00-00 T.JPG,My Site,JO c10,T,2023-11-18,12:00:00 PM,First Quarter,Off,HF2 PRO COVERT,128,0,128,128,90,5,9.1 (9.1 Avg),HLPXMQ12183707,,1.0.20230526a,C:\Users\jball\Pictures\RECONYX Images\My Site\JO c10\2023-11-18 12-00-00 T.JPG,,,644,2315,,8,4,0,5
2023-11-19 12-00-00 T.JPG,My Site,JO c10,T,2023-11-19,12:00:00 PM,First Quarter,Off,HF2 PRO COVERT,128,0,128,128,90,-11,8.9 (8.9 Avg),HLPXMQ12183707,,1.0.20230526a,C:\Users\jball\Pictures\RECONYX Images\My Site\JO c10\2023-11-19 12-00-00 T.JPG,,,209,1207,,8,4,0,5
2023-11-20 12-00-00 T.JPG,My Site,JO c10,T,2023-11-20,12:00:00 PM,First Quarter,Off,HF2 PRO COVERT,128,0,128,128,90,-9,8.8 (8.8 Avg),HLPXMQ12183707,,1.0.20230526a,C:\Users\jball\Pictures\RECONYX Images\My Site\JO c10\2023-11-20 12-00-00 T.JPG,,,173,642,,8,4,0,5
2023-11-21 12-00-00 T.JPG,My Site,JO c10,T,2023-11-21,12:00:00 PM,First Quarter,Off,HF2 PRO COVERT,128,0,128,128,90,4,9.0 (9.0 Avg),HLPXMQ12183707,,1.0.20230526a,C:\Users\jball\Pictures\RECONYX Images\My Site\JO c10\2023-11-21 12-00-00 T.JPG,,,371,1352,,8,5,0,8
2023-11-22 12-00-00 T.JPG,My Site,JO c10,T,2023-11-22,12:00:00 PM,Waxing Gibbous,Off,HF2 PRO COVERT,128,0,128,128,90,22,9.2 (9.2 Avg),HLPXMQ12183707,,1.0.20230526a,C:\Users\jball\Pictures\RECONYX Images\My Site\JO c10\2023-11-22 12-00-00 T.JPG,,,243,1262,,8,5,0,8
2023-11-23 12-00-00 T.JPG,My Site,JO c10,T,2023-11-23,12:00:00 PM,Waxing Gibbous,Off,HF2 PRO COVERT,128,0,128,128,90,31,9.5 (9.5 Avg),HLPXMQ12183707,,1.0.20230526a,C:\Users\jball\Pictures\RECONYX Images\My Site\JO c10\2023-11-23 12-00-00 T.JPG,,,133,947,,8,5,0,8
2023-11-24 12-00-00 T.JPG,My Site,JO c10,T,2023-11-24,12:00:00 PM,Waxing Gibbous,Off,HF2 PRO COVERT,128,0,128,128,90,32,9.5 (9.5 Avg),HLPXMQ12183707,,1.0.20230526a,C:\Users\jball\Pictures\RECONYX Images\My Site\JO c10\2023-11-24 12-00-00 T.JPG,,,450,1708,,8,4,0,8
2023-11-25 12-00-00 T.JPG,My Site,JO c10,T,2023-11-25,12:00:00 PM,Waxing Gibbous,Off,HF2 PRO COVERT,128,0,128,128,90,16,9.2 (9.3 Avg),HLPXMQ12183707,,1.0.20230526a,C:\Users\jball\Pictures\RECONYX Images\My Site\JO c10\2023-11-25 12-00-00 T.JPG,,,178,893,,8,4,0,8
2023-11-26 12-00-00 T.JPG,My Site,JO c10,T,2023-11-26,12:00:00 PM,Full Moon,Off,HF2 PRO COVERT,128,0,128,128,90,31,9.4 (9.4 Avg),HLPXMQ12183707,,1.0.20230526a,C:\Users\jball\Pictures\RECONYX Images\My Site\JO c10\2023-11-26 12-00-00 T.JPG,,,411,1515,,8,4,0,8
2023-11-27 12-00-00 T.JPG,My Site,JO c10,T,2023-11-27,12:00:00 PM,Full Moon,Off,HF2 PRO COVERT,128,0,128,128,90,25,9.4 (9.4 Avg),HLPXMQ12183707,,1.0.20230526a,C:\Users\jball\Pictures\RECONYX Images\My Site\JO c10\2023-11-27 12-00-00 T.JPG,,,132,878,,8,4,0,8
2023-11-28 12-00-00 T.JPG,My Site,JO c10,T,2023-11-28,12:00:00 PM,Full Moon,Off,HF2 PRO COVERT,128,0,128,128,90,5,9.1 (9.1 Avg),HLPXMQ12183707,,1.0.20230526a,C:\Users\jball\Pictures\RECONYX Images\My Site\JO c10\2023-11-28 12-00-00 T.JPG,,,180,988,,8,4,0,8
2023-11-29 12-00-00 T.JPG,My Site,JO c10,T,2023-11-29,12:00:00 PM,Waning Gibbous,Off,HF2 PRO COVERT,128,0,128,128,90,11,9.1 (9.1 Avg),HLPXMQ12183707,,1.0.20230526a,C:\Users\jball\Pictures\RECONYX Images\My Site\JO c10\2023-11-29 12-00-00 T.JPG,,,369,1363,,8,4,0,8
2023-11-30 12-00-00 T.JPG,My Site,JO c10,T,2023-11-30,12:00:00 PM,Waning Gibbous,Off,HF2 PRO COVERT,128,0,128,128,90,18,9.3 (9.3 Avg),HLPXMQ12183707,,1.0.20230526a,C:\Users\jball\Pictures\RECONYX Images\My Site\JO c10\2023-11-30 12-00-00 T.JPG,,,150,832,,8,4,0,8
2023-12-01 12-00-00 T.JPG,My Site,JO c10,T,2023-12-01,12:00:00 PM,Waning Gibbous,Off,HF2 PRO COVERT,128,0,128,128,90,14,9.2 (9.2 Avg),HLPXMQ12183707,,1.0.20230526a,C:\Users\jball\Pictures\RECONYX Images\My Site\JO c10\2023-12-01 12-00-00 T.JPG,,,78,359,,8,4,0,8
2023-12-02 12-00-00 T.JPG,My Site,JO c10,T,2023-12-02,12:00:00 PM,Waning Gibbous,Off,HF2 PRO COVERT,128,0,128,128,90,5,9.1 (9.1 Avg),HLPXMQ12183707,,1.0.20230526a,C:\Users\jball\Pictures\RECONYX Images\My Site\JO c10\2023-12-02 12-00-00 T.JPG,,,129,594,,8,4,0,8
2023-12-03 12-00-00 T.JPG,My Site,JO c10,T,2023-12-03,12:00:00 PM,Last Quarter,Off,HF2 PRO COVERT,128,0,128,128,90,4,9.0 (9.0 Avg),HLPXMQ12183707,,1.0.20230526a,C:\Users\jball\Pictures\RECONYX Images\My Site\JO c10\2023-12-03 12-00-00 T.JPG,,,200,789,,8,4,0,8
2023-12-04 12-00-00 T.JPG,My Site,JO c10,T,2023-12-04,12:00:00 PM,Last Quarter,Off,HF2 PRO COVERT,128,0,128,128,90,-2,8.9 (8.9 Avg),HLPXMQ12183707,,1.0.20230526a,C:\Users\jball\Pictures\RECONYX Images\My Site\JO c10\2023-12-04 12-00-00 T.JPG,,,183,695,,6,5,0,8
2023-12-05 12-00-00 T.JPG,My Site,JO c10,T,2023-12-05,12:00:00 PM,Last Quarter,Off,HF2 PRO COVERT,128,0,128,128,90,9,9.1 (9.1 Avg),HLPXMQ12183707,,1.0.20230526a,C:\Users\jball\Pictures\RECONYX Images\My Site\JO c10\2023-12-05 12-00-00 T.JPG,,,183,758,,6,5,0,8
2023-12-06 12-00-00 T.JPG,My Site,JO c10,T,2023-12-06,12:00:00 PM,Last Quarter,Off,HF2 PRO COVERT,128,0,128,128,90,7,9.1 (9.1 Avg),HLPXMQ12183707,,1.0.20230526a,C:\Users\jball\Pictures\RECONYX Images\My Site\JO c10\2023-12-06 12-00-00 T.JPG,,,248,916,,6,6,0,12
2023-12-07 12-00-00 T.JPG,My Site,JO c10,T,2023-12-07,12:00:00 PM,Waning Crescent,Off,HF2 PRO COVERT,128,0,128,128,90,5,9.1 (9.1 Avg),HLPXMQ12183707,,1.0.20230526a,C:\Users\jball\Pictures\RECONYX Images\My Site\JO c10\2023-12-07 12-00-00 T.JPG,,,156,643,,6,6,0,12
2023-12-08 12-00-00 T.JPG,My Site,JO c10,T,2023-12-08,12:00:00 PM,Waning Crescent,Off,HF2 PRO COVERT,128,0,128,128,90,20,9.3 (9.3 Avg),HLPXMQ12183707,,1.0.20230526a,C:\Users\jball\Pictures\RECONYX Images\My Site\JO c10\2023-12-08 12-00-00 T.JPG,,,121,536,,6,6,0,12
2023-12-09 12-00-00 T.JPG,My Site,JO c10,T,2023-12-09,12:00:00 PM,Waning Crescent,Off,HF2 PRO COVERT,128,0,128,128,90,0,9.0 (9.0 Avg),HLPXMQ12183707,,1.0.20230526a,C:\Users\jball\Pictures\RECONYX Images\My Site\JO c10\2023-12-09 12-00-00 T.JPG,,,130,507,,6,6,0,12
2023-12-10 12-00-00 T.JPG,My Site,JO c10,T,2023-12-10,12:00:00 PM,New Moon,Off,HF2 PRO COVERT,128,0,128,128,90,-13,8.9 (8.9 Avg),HLPXMQ12183707,,1.0.20230526a,C:\Users\jball\Pictures\RECONYX Images\My Site\JO c10\2023-12-10 12-00-00 T.JPG,,,138,549,,5,8,0,15
2023-12-11 12-00-00 T.JPG,My Site,JO c10,T,2023-12-11,12:00:00 PM,New Moon,Off,HF2 PRO COVERT,128,0,128,128,90,25,9.4 (9.4 Avg),HLPXMQ12183707,,1.0.20230526a,C:\Users\jball\Pictures\RECONYX Images\My Site\JO c10\2023-12-11 12-00-00 T.JPG,,,93,403,,5,8,0,15
2023-12-12 12-00-00 T.JPG,My Site,JO c10,T,2023-12-12,12:00:00 PM,New Moon,Off,HF2 PRO COVERT,128,0,128,128,90,25,9.4 (9.4 Avg),HLPXMQ12183707,,1.0.20230526a,C:\Users\jball\Pictures\RECONYX Images\My Site\JO c10\2023-12-12 12-00-00 T.JPG,,,34,160,,NA,NA,NA,NA
2023-12-13 12-00-00 T.JPG,My Site,JO c10,T,2023-12-13,12:00:00 PM,New Moon,Off,HF2 PRO COVERT,128,0,128,128,90,16,9.3 (9.3 Avg),HLPXMQ12183707,,1.0.20230526a,C:\Users\jball\Pictures\RECONYX Images\My Site\JO c10\2023-12-13 12-00-00 T.JPG,,,21,136,,NA,NA,NA,NA
2023-12-14 12-00-00 T.JPG,My Site,JO c10,T,2023-12-14,12:00:00 PM,Waxing Crescent,Off,HF2 PRO COVERT,128,0,128,128,90,18,9.2 (9.2 Avg),HLPXMQ12183707,,1.0.20230526a,C:\Users\jball\Pictures\RECONYX Images\My Site\JO c10\2023-12-14 12-00-00 T.JPG,,,41,160,,NA,NA,NA,NA
2023-12-15 12-00-00 T.JPG,My Site,JO c10,T,2023-12-15,12:00:00 PM,Waxing Crescent,Off,HF2 PRO COVERT,128,0,128,128,90,-2,9.0 (9.0 Avg),HLPXMQ12183707,,1.0.20230526a,C:\Users\jball\Pictures\RECONYX Images\My Site\JO c10\2023-12-15 12-00-00 T.JPG,,,25,153,,NA,NA,NA,NA
2023-12-16 12-00-00 T.JPG,My Site,JO c10,T,2023-12-16,12:00:00 PM,Waxing Crescent,Off,HF2 PRO COVERT,128,0,128,128,90,-7,8.9 (8.9 Avg),HLPXMQ12183707,,1.0.20230526a,C:\Users\jball\Pictures\RECONYX Images\My Site\JO c10\2023-12-16 12-00-00 T.JPG,,,28,157,,NA,NA,NA,NA
2023-12-17 12-00-00 T.JPG,My Site,JO c10,T,2023-12-17,12:00:00 PM,Waxing Crescent,Off,HF2 PRO COVERT,128,0,128,128,90,23,9.4 (9.4 Avg),HLPXMQ12183707,,1.0.20230526a,C:\Users\jball\Pictures\RECONYX Images\My Site\JO c10\2023-12-17 12-00-00 T.JPG,,,28,140,,NA,NA,NA,NA
2023-12-18 12-00-00 T.JPG,My Site,JO c10,T,2023-12-18,12:00:00 PM,First Quarter,Off,HF2 PRO COVERT,128,0,128,128,90,2,9.1 (9.1 Avg),HLPXMQ12183707,,1.0.20230526a,C:\Users\jball\Pictures\RECONYX Images\My Site\JO c10\2023-12-18 12-00-00 T.JPG,,,36,158,,NA,NA,NA,NA
2023-12-19 12-00-00 T.JPG,My Site,JO c10,T,2023-12-19,12:00:00 PM,First Quarter,Off,HF2 PRO COVERT,128,0,128,128,90,-9,8.9 (8.9 Avg),HLPXMQ12183707,,1.0.20230526a,C:\Users\jball\Pictures\RECONYX Images\My Site\JO c10\2023-12-19 12-00-00 T.JPG,,,29,139,,NA,NA,NA,NA
2023-12-20 12-00-00 T.JPG,My Site,JO c10,T,2023-12-20,12:00:00 PM,First Quarter,Off,HF2 PRO COVERT,128,0,128,128,90,-4,8.9 (8.9 Avg),HLPXMQ12183707,,1.0.20230526a,C:\Users\jball\Pictures\RECONYX Images\My Site\JO c10\2023-12-20 12-00-00 T.JPG,,,19,115,,NA,NA,NA,NA
2023-12-21 12-00-00 T.JPG,My Site,JO c10,T,2023-12-21,12:00:00 PM,First Quarter,Off,HF2 PRO COVERT,128,0,128,128,90,14,9.2 (9.2 Avg),HLPXMQ12183707,,1.0.20230526a,C:\Users\jball\Pictures\RECONYX Images\My Site\JO c10\2023-12-21 12-00-00 T.JPG,,,18,117,,NA,NA,NA,NA
2023-12-22 12-00-00 T.JPG,My Site,JO c10,T,2023-12-22,12:00:00 PM,Waxing Gibbous,Off,HF2 PRO COVERT,128,0,128,128,90,0,9.1 (9.1 Avg),HLPXMQ12183707,,1.0.20230526a,C:\Users\jball\Pictures\RECONYX Images\My Site\JO c10\2023-12-22 12-00-00 T.JPG,,,22,126,,NA,NA,NA,NA
2023-12-23 12-00-00 T.JPG,My Site,JO c10,T,2023-12-23,12:00:00 PM,Waxing Gibbous,Off,HF2 PRO COVERT,128,0,128,128,90,16,9.2 (9.2 Avg),HLPXMQ12183707,,1.0.20230526a,C:\Users\jball\Pictures\RECONYX Images\My Site\JO c10\2023-12-23 12-00-00 T.JPG,,,23,109,,NA,NA,NA,NA
2023-12-24 12-00-00 T.JPG,My Site,JO c10,T,2023-12-24,12:00:00 PM,Waxing Gibbous,Off,HF2 PRO COVERT,128,0,128,128,90,27,9.4 (9.4 Avg),HLPXMQ12183707,,1.0.20230526a,C:\Users\jball\Pictures\RECONYX Images\My Site\JO c10\2023-12-24 12-00-00 T.JPG,,,25,106,,NA,NA,NA,NA
2023-12-25 12-00-00 T.JPG,My Site,JO c10,T,2023-12-25,12:00:00 PM,Full Moon,Off,HF2 PRO COVERT,128,0,128,128,90,23,9.4 (9.4 Avg),HLPXMQ12183707,,1.0.20230526a,C:\Users\jball\Pictures\RECONYX Images\My Site\JO c10\2023-12-25 12-00-00 T.JPG,,,24,103,,NA,NA,NA,NA
2023-12-26 12-00-00 T.JPG,My Site,JO c10,T,2023-12-26,12:00:00 PM,Full Moon,Off,HF2 PRO COVERT,128,0,128,128,90,13,9.2 (9.3 Avg),HLPXMQ12183707,,1.0.20230526a,C:\Users\jball\Pictures\RECONYX Images\My Site\JO c10\2023-12-26 12-00-00 T.JPG,,,17,77,,NA,NA,NA,NA
2023-12-27 12-00-00 T.JPG,My Site,JO c10,T,2023-12-27,12:00:00 PM,Full Moon,Off,HF2 PRO COVERT,128,0,128,128,90,-13,8.9 (8.9 Avg),HLPXMQ12183707,,1.0.20230526a,C:\Users\jball\Pictures\RECONYX Images\My Site\JO c10\2023-12-27 12-00-00 T.JPG,,,11,73,,NA,NA,NA,NA
2023-12-28 12-00-00 T.JPG,My Site,JO c10,T,2023-12-28,12:00:00 PM,Full Moon,Off,HF2 PRO COVERT,128,0,128,128,90,0,9.0 (9.0 Avg),HLPXMQ12183707,,1.0.20230526a,C:\Users\jball\Pictures\RECONYX Images\My Site\JO c10\2023-12-28 12-00-00 T.JPG,,,40,159,,NA,NA,NA,NA
2023-12-29 12-00-00 T.JPG,My Site,JO c10,T,2023-12-29,12:00:00 PM,Waning Gibbous,Off,HF2 PRO COVERT,128,0,128,128,90,-4,8.9 (8.9 Avg),HLPXMQ12183707,,1.0.20230526a,C:\Users\jball\Pictures\RECONYX Images\My Site\JO c10\2023-12-29 12-00-00 T.JPG,,,24,102,,NA,NA,NA,NA
2023-12-30 12-00-00 T.JPG,My Site,JO c10,T,2023-12-30,12:00:00 PM,Waning Gibbous,Off,HF2 PRO COVERT,128,0,128,128,90,0,8.9 (8.9 Avg),HLPXMQ12183707,,1.0.20230526a,C:\Users\jball\Pictures\RECONYX Images\My Site\JO c10\2023-12-30 12-00-00 T.JPG,,,17,88,,NA,NA,NA,NA
2023-12-31 12-00-00 T.JPG,My Site,JO c10,T,2023-12-31,12:00:00 PM,Waning Gibbous,Off,HF2 PRO COVERT,128,0,128,128,90,-9,8.7 (8.7 Avg),HLPXMQ12183707,,1.0.20230526a,C:\Users\jball\Pictures\RECONYX Images\My Site\JO c10\2023-12-31 12-00-00 T.JPG,,,43,169,,NA,NA,NA,NA
2024-01-01 12-00-00 T.JPG,My Site,JO c10,T,2024-01-01,12:00:00 PM,Last Quarter,Off,HF2 PRO COVERT,128,0,128,128,90,-7,8.7 (8.7 Avg),HLPXMQ12183707,,1.0.20230526a,C:\Users\jball\Pictures\RECONYX Images\My Site\JO c10\2024-01-01 12-00-00 T.JPG,,,14,91,,NA,NA,NA,NA
2024-01-02 12-00-00 T.JPG,My Site,JO c10,T,2024-01-02,12:00:00 PM,Last Quarter,Off,HF2 PRO COVERT,128,0,128,128,90,-9,8.6 (8.6 Avg),HLPXMQ12183707,,1.0.20230526a,C:\Users\jball\Pictures\RECONYX Images\My Site\JO c10\2024-01-02 12-00-00 T.JPG,,,21,106,,NA,NA,NA,NA
2024-01-03 12-00-00 T.JPG,My Site,JO c10,T,2024-01-03,12:00:00 PM,Last Quarter,Off,HF2 PRO COVERT,128,0,128,128,90,-2,8.6 (8.6 Avg),HLPXMQ12183707,,1.0.20230526a,C:\Users\jball\Pictures\RECONYX Images\My Site\JO c10\2024-01-03 12-00-00 T.JPG,,,22,99,,NA,NA,NA,NA
2024-01-04 12-00-00 T.JPG,My Site,JO c10,T,2024-01-04,12:00:00 PM,Last Quarter,Off,HF2 PRO COVERT,128,0,128,128,90,-9,8.5 (8.5 Avg),HLPXMQ12183707,,1.0.20230526a,C:\Users\jball\Pictures\RECONYX Images\My Site\JO c10\2024-01-04 12-00-00 T.JPG,,,14,90,,NA,NA,NA,NA
2024-01-05 12-00-00 T.JPG,My Site,JO c10,T,2024-01-05,12:00:00 PM,Waning Crescent,Off,HF2 PRO COVERT,128,0,128,128,90,-4,8.6 (8.6 Avg),HLPXMQ12183707,,1.0.20230526a,C:\Users\jball\Pictures\RECONYX Images\My Site\JO c10\2024-01-05 12-00-00 T.JPG,,,14,84,,NA,NA,NA,NA
2024-01-06 12-00-00 T.JPG,My Site,JO c10,T,2024-01-06,12:00:00 PM,Waning Crescent,Off,HF2 PRO COVERT,128,0,128,128,90,-16,8.4 (8.4 Avg),HLPXMQ12183707,,1.0.20230526a,C:\Users\jball\Pictures\RECONYX Images\My Site\JO c10\2024-01-06 12-00-00 T.JPG,,,14,88,,NA,NA,NA,NA
2024-01-07 12-00-00 T.JPG,My Site,JO c10,T,2024-01-07,12:00:00 PM,Waning Crescent,Off,HF2 PRO COVERT,128,0,128,128,90,-9,8.4 (8.4 Avg),HLPXMQ12183707,,1.0.20230526a,C:\Users\jball\Pictures\RECONYX Images\My Site\JO c10\2024-01-07 12-00-00 T.JPG,,,23,107,,NA,NA,NA,NA
2024-01-08 12-00-00 T.JPG,My Site,JO c10,T,2024-01-08,12:00:00 PM,Waning Crescent,Off,HF2 PRO COVERT,128,0,128,128,90,5,8.6 (8.6 Avg),HLPXMQ12183707,,1.0.20230526a,C:\Users\jball\Pictures\RECONYX Images\My Site\JO c10\2024-01-08 12-00-00 T.JPG,,,18,99,,NA,NA,NA,NA
2024-01-09 12-00-00 T.JPG,My Site,JO c10,T,2024-01-09,12:00:00 PM,New Moon,Off,HF2 PRO COVERT,128,0,128,128,90,7,8.6 (8.6 Avg),HLPXMQ12183707,,1.0.20230526a,C:\Users\jball\Pictures\RECONYX Images\My Site\JO c10\2024-01-09 12-00-00 T.JPG,,,18,94,,NA,NA,NA,NA
2024-01-10 12-00-00 T.JPG,My Site,JO c10,T,2024-01-10,12:00:00 PM,New Moon,Off,HF2 PRO COVERT,128,0,128,128,90,5,8.6 (8.6 Avg),HLPXMQ12183707,,1.0.20230526a,C:\Users\jball\Pictures\RECONYX Images\My Site\JO c10\2024-01-10 12-00-00 T.JPG,,,20,95,,NA,NA,NA,NA
2024-01-11 12-00-00 T.JPG,My Site,JO c10,T,2024-01-11,12:00:00 PM,New Moon,Off,HF2 PRO COVERT,128,0,128,128,90,-32,8.2 (8.2 Avg),HLPXMQ12183707,,1.0.20230526a,C:\Users\jball\Pictures\RECONYX Images\My Site\JO c10\2024-01-11 12-00-00 T.JPG,,,13,87,,NA,NA,NA,NA
2024-01-12 12-00-00 T.JPG,My Site,JO c10,T,2024-01-12,12:00:00 PM,Waxing Crescent,Off,HF2 PRO COVERT,128,0,128,128,90,-20,8.3 (8.3 Avg),HLPXMQ12183707,,1.0.20230526a,C:\Users\jball\Pictures\RECONYX Images\My Site\JO c10\2024-01-12 12-00-00 T.JPG,,,22,118,,NA,NA,NA,NA
2024-01-13 12-00-00 T.JPG,My Site,JO c10,T,2024-01-13,12:00:00 PM,Waxing Crescent,Off,HF2 PRO COVERT,128,0,128,128,90,2,8.6 (8.6 Avg),HLPXMQ12183707,,1.0.20230526a,C:\Users\jball\Pictures\RECONYX Images\My Site\JO c10\2024-01-13 12-00-00 T.JPG,,,18,93,,NA,NA,NA,NA
2024-01-14 12-00-00 T.JPG,My Site,JO c10,T,2024-01-14,12:00:00 PM,Waxing Crescent,Off,HF2 PRO COVERT,128,0,128,128,90,-13,8.4 (8.4 Avg),HLPXMQ12183707,,1.0.20230526a,C:\Users\jball\Pictures\RECONYX Images\My Site\JO c10\2024-01-14 12-00-00 T.JPG,,,17,89,,NA,NA,NA,NA
2024-01-15 12-00-00 T.JPG,My Site,JO c10,T,2024-01-15,12:00:00 PM,Waxing Crescent,Off,HF2 PRO COVERT,128,0,128,128,90,4,8.5 (8.5 Avg),HLPXMQ12183707,,1.0.20230526a,C:\Users\jball\Pictures\RECONYX Images\My Site\JO c10\2024-01-15 12-00-00 T.JPG,,,8,55,,NA,NA,NA,NA
2024-01-16 12-00-00 T.JPG,My Site,JO c10,T,2024-01-16,12:00:00 PM,First Quarter,Off,HF2 PRO COVERT,128,0,128,128,90,4,8.5 (8.5 Avg),HLPXMQ12183707,,1.0.20230526a,C:\Users\jball\Pictures\RECONYX Images\My Site\JO c10\2024-01-16 12-00-00 T.JPG,,,44,191,,NA,NA,NA,NA
2024-01-17 12-00-00 T.JPG,My Site,JO c10,T,2024-01-17,12:00:00 PM,First Quarter,Off,HF2 PRO COVERT,128,0,128,128,90,11,8.6 (8.6 Avg),HLPXMQ12183707,,1.0.20230526a,C:\Users\jball\Pictures\RECONYX Images\My Site\JO c10\2024-01-17 12-00-00 T.JPG,,,37,152,,NA,NA,NA,NA
2024-01-18 12-00-00 T.JPG,My Site,JO c10,T,2024-01-18,12:00:00 PM,First Quarter,Off,HF2 PRO COVERT,128,0,128,128,90,2,8.5 (8.5 Avg),HLPXMQ12183707,,1.0.20230526a,C:\Users\jball\Pictures\RECONYX Images\My Site\JO c10\2024-01-18 12-00-00 T.JPG,,,31,143,,NA,NA,NA,NA
2024-01-19 12-00-00 T.JPG,My Site,JO c10,T,2024-01-19,12:00:00 PM,First Quarter,Off,HF2 PRO COVERT,128,0,128,128,90,-23,8.3 (8.3 Avg),HLPXMQ12183707,,1.0.20230526a,C:\Users\jball\Pictures\RECONYX Images\My Site\JO c10\2024-01-19 12-00-00 T.JPG,,,16,96,,NA,NA,NA,NA
2024-01-20 12-00-00 T.JPG,My Site,JO c10,T,2024-01-20,12:00:00 PM,Waxing Gibbous,Off,HF2 PRO COVERT,128,0,128,128,90,-4,8.4 (8.4 Avg),HLPXMQ12183707,,1.0.20230526a,C:\Users\jball\Pictures\RECONYX Images\My Site\JO c10\2024-01-20 12-00-00 T.JPG,,,26,119,,NA,NA,NA,NA
2024-01-21 12-00-00 T.JPG,My Site,JO c10,T,2024-01-21,12:00:00 PM,Waxing Gibbous,Off,HF2 PRO COVERT,128,0,128,128,90,-9,8.4 (8.4 Avg),HLPXMQ12183707,,1.0.20230526a,C:\Users\jball\Pictures\RECONYX Images\My Site\JO c10\2024-01-21 12-00-00 T.JPG,,,41,172,,NA,NA,NA,NA
2024-01-22 12-00-00 T.JPG,My Site,JO c10,T,2024-01-22,12:00:00 PM,Waxing Gibbous,Off,HF2 PRO COVERT,128,0,128,128,90,-16,8.3 (8.3 Avg),HLPXMQ12183707,,1.0.20230526a,C:\Users\jball\Pictures\RECONYX Images\My Site\JO c10\2024-01-22 12-00-00 T.JPG,,,28,131,,NA,NA,NA,NA
2024-01-23 12-00-00 T.JPG,My Site,JO c10,T,2024-01-23,12:00:00 PM,Full Moon,Off,HF2 PRO COVERT,128,0,128,128,90,-13,8.3 (8.3 Avg),HLPXMQ12183707,,1.0.20230526a,C:\Users\jball\Pictures\RECONYX Images\My Site\JO c10\2024-01-23 12-00-00 T.JPG,,,29,144,,NA,NA,NA,NA
2024-01-24 12-00-00 T.JPG,My Site,JO c10,T,2024-01-24,12:00:00 PM,Full Moon,Off,HF2 PRO COVERT,128,0,128,128,90,-5,8.4 (8.4 Avg),HLPXMQ12183707,,1.0.20230526a,C:\Users\jball\Pictures\RECONYX Images\My Site\JO c10\2024-01-24 12-00-00 T.JPG,,,31,149,,NA,NA,NA,NA
2024-01-25 12-00-00 T.JPG,My Site,JO c10,T,2024-01-25,12:00:00 PM,Full Moon,Off,HF2 PRO COVERT,128,0,128,128,90,-9,8.4 (8.4 Avg),HLPXMQ12183707,,1.0.20230526a,C:\Users\jball\Pictures\RECONYX Images\My Site\JO c10\2024-01-25 12-00-00 T.JPG,,,20,115,,NA,NA,NA,NA
2024-01-26 12-00-00 T.JPG,My Site,JO c10,T,2024-01-26,12:00:00 PM,Full Moon,Off,HF2 PRO COVERT,128,0,128,128,90,-11,8.4 (8.4 Avg),HLPXMQ12183707,,1.0.20230526a,C:\Users\jball\Pictures\RECONYX Images\My Site\JO c10\2024-01-26 12-00-00 T.JPG,,,19,118,,NA,NA,NA,NA
2024-01-27 12-00-00 T.JPG,My Site,JO c10,T,2024-01-27,12:00:00 PM,Waning Gibbous,Off,HF2 PRO COVERT,128,0,128,128,90,-14,8.3 (8.3 Avg),HLPXMQ12183707,,1.0.20230526a,C:\Users\jball\Pictures\RECONYX Images\My Site\JO c10\2024-01-27 12-00-00 T.JPG,,,37,167,,NA,NA,NA,NA
2024-01-28 12-00-00 T.JPG,My Site,JO c10,T,2024-01-28,12:00:00 PM,Waning Gibbous,Off,HF2 PRO COVERT,128,0,128,128,90,27,8.9 (8.9 Avg),HLPXMQ12183707,,1.0.20230526a,C:\Users\jball\Pictures\RECONYX Images\My Site\JO c10\2024-01-28 12-00-00 T.JPG,,,18,96,,NA,NA,NA,NA
2024-01-29 12-00-00 T.JPG,My Site,JO c10,T,2024-01-29,12:00:00 PM,Waning Gibbous,Off,HF2 PRO COVERT,128,0,128,128,90,31,8.9 (8.9 Avg),HLPXMQ12183707,,1.0.20230526a,C:\Users\jball\Pictures\RECONYX Images\My Site\JO c10\2024-01-29 12-00-00 T.JPG,,,8,45,,NA,NA,NA,NA
2024-01-30 12-00-00 T.JPG,My Site,JO c10,T,2024-01-30,12:00:00 PM,Waning Gibbous,Off,HF2 PRO COVERT,128,0,128,128,90,22,8.8 (8.8 Avg),HLPXMQ12183707,,1.0.20230526a,C:\Users\jball\Pictures\RECONYX Images\My Site\JO c10\2024-01-30 12-00-00 T.JPG,,,250,1447,,0,3,2,50
2024-01-31 12-00-00 T.JPG,My Site,JO c10,T,2024-01-31,12:00:00 PM,Last Quarter,Off,HF2 PRO COVERT,128,0,128,128,90,0,8.4 (8.4 Avg),HLPXMQ12183707,,1.0.20230526a,C:\Users\jball\Pictures\RECONYX Images\My Site\JO c10\2024-01-31 12-00-00 T.JPG,,,446,2026,,0,3,2,50
2024-02-01 12-00-00 T.JPG,My Site,JO c10,T,2024-02-01,12:00:00 PM,Last Quarter,Off,HF2 PRO COVERT,128,0,128,128,90,-5,8.4 (8.4 Avg),HLPXMQ12183707,,1.0.20230526a,C:\Users\jball\Pictures\RECONYX Images\My Site\JO c10\2024-02-01 12-00-00 T.JPG,,,605,2313,,0,3,2,50
2024-02-02 12-00-00 T.JPG,My Site,JO c10,T,2024-02-02,12:00:00 PM,Last Quarter,Off,HF2 PRO COVERT,128,0,128,128,90,-23,8.3 (8.3 Avg),HLPXMQ12183707,,1.0.20230526a,C:\Users\jball\Pictures\RECONYX Images\My Site\JO c10\2024-02-02 12-00-00 T.JPG,,,334,1772,,0,3,2,50
2024-02-03 12-00-00 T.JPG,My Site,JO c10,T,2024-02-03,12:00:00 PM,Last Quarter,Off,HF2 PRO COVERT,128,0,128,128,90,-36,8.0 (8.1 Avg),HLPXMQ12183707,,1.0.20230526a,C:\Users\jball\Pictures\RECONYX Images\My Site\JO c10\2024-02-03 12-00-00 T.JPG,,,339,1813,,0,3,2,50
2024-02-04 12-00-00 T.JPG,My Site,JO c10,T,2024-02-04,12:00:00 PM,Waning Crescent,Off,HF2 PRO COVERT,128,0,128,128,90,-16,8.3 (8.3 Avg),HLPXMQ12183707,,1.0.20230526a,C:\Users\jball\Pictures\RECONYX Images\My Site\JO c10\2024-02-04 12-00-00 T.JPG,,,773,2983,,0,3,2,50
2024-02-05 12-00-00 T.JPG,My Site,JO c10,T,2024-02-05,12:00:00 PM,Waning Crescent,Off,HF2 PRO COVERT,128,0,128,128,90,-2,8.4 (8.4 Avg),HLPXMQ12183707,,1.0.20230526a,C:\Users\jball\Pictures\RECONYX Images\My Site\JO c10\2024-02-05 12-00-00 T.JPG,,,1056,3796,,0,3,2,50
2024-02-06 12-00-00 T.JPG,My Site,JO c10,T,2024-02-06,12:00:00 PM,Waning Crescent,Off,HF2 PRO COVERT,128,0,128,128,90,0,8.5 (8.5 Avg),HLPXMQ12183707,,1.0.20230526a,C:\Users\jball\Pictures\RECONYX Images\My Site\JO c10\2024-02-06 12-00-00 T.JPG,,,1039,3957,,0,3,2,50
2024-02-07 12-00-00 T.JPG,My Site,JO c10,T,2024-02-07,12:00:00 PM,New Moon,Off,HF2 PRO COVERT,128,0,128,128,90,-9,8.3 (8.4 Avg),HLPXMQ12183707,,1.0.20230526a,C:\Users\jball\Pictures\RECONYX Images\My Site\JO c10\2024-02-07 12-00-00 T.JPG,,,967,3789,,0,3,2,50
2024-02-08 12-00-00 T.JPG,My Site,JO c10,T,2024-02-08,12:00:00 PM,New Moon,Off,HF2 PRO COVERT,128,0,128,128,90,-13,8.3 (8.3 Avg),HLPXMQ12183707,,1.0.20230526a,C:\Users\jball\Pictures\RECONYX Images\My Site\JO c10\2024-02-08 12-00-00 T.JPG,,,495,2432,,0,3,2,50
2024-02-09 12-00-00 T.JPG,My Site,JO c10,T,2024-02-09,12:00:00 PM,New Moon,Off,HF2 PRO COVERT,128,0,128,128,90,14,8.6 (8.6 Avg),HLPXMQ12183707,,1.0.20230526a,C:\Users\jball\Pictures\RECONYX Images\My Site\JO c10\2024-02-09 12-00-00 T.JPG,,,1174,4480,,0,3,2,50
2024-02-10 12-00-00 T.JPG,My Site,JO c10,T,2024-02-10,12:00:00 PM,New Moon,Off,HF2 PRO COVERT,128,0,128,128,90,23,8.8 (8.8 Avg),HLPXMQ12183707,,1.0.20230526a,C:\Users\jball\Pictures\RECONYX Images\My Site\JO c10\2024-02-10 12-00-00 T.JPG,,,385,2114,,0,3,2,50
2024-02-11 12-00-00 T.JPG,My Site,JO c10,T,2024-02-11,12:00:00 PM,Waxing Crescent,Off,HF2 PRO COVERT,128,0,128,128,90,20,8.7 (8.7 Avg),HLPXMQ12183707,,1.0.20230526a,C:\Users\jball\Pictures\RECONYX Images\My Site\JO c10\2024-02-11 12-00-00 T.JPG,,,773,2987,,0,3,2,50
2024-02-12 12-00-00 T.JPG,My Site,JO c10,T,2024-02-12,12:00:00 PM,Waxing Crescent,Off,HF2 PRO COVERT,128,0,128,128,90,5,8.5 (8.5 Avg),HLPXMQ12183707,,1.0.20230526a,C:\Users\jball\Pictures\RECONYX Images\My Site\JO c10\2024-02-12 12-00-00 T.JPG,,,1179,4556,,0,3,2,50
2024-02-13 12-00-00 T.JPG,My Site,JO c10,T,2024-02-13,12:00:00 PM,Waxing Crescent,Off,HF2 PRO COVERT,128,0,128,128,90,14,8.7 (8.7 Avg),HLPXMQ12183707,,1.0.20230526a,C:\Users\jball\Pictures\RECONYX Images\My Site\JO c10\2024-02-13 12-00-00 T.JPG,,,1298,4994,,0,3,2,50
2024-02-14 12-00-00 T.JPG,My Site,JO c10,T,2024-02-14,12:00:00 PM,Waxing Crescent,Off,HF2 PRO COVERT,128,0,128,128,90,0,8.5 (8.5 Avg),HLPXMQ12183707,,1.0.20230526a,C:\Users\jball\Pictures\RECONYX Images\My Site\JO c10\2024-02-14 12-00-00 T.JPG,,,519,2638,,0,3,2,50
2024-02-15 12-00-00 T.JPG,My Site,JO c10,T,2024-02-15,12:00:00 PM,First Quarter,Off,HF2 PRO COVERT,128,0,128,128,90,-2,8.4 (8.4 Avg),HLPXMQ12183707,,1.0.20230526a,C:\Users\jball\Pictures\RECONYX Images\My Site\JO c10\2024-02-15 12-00-00 T.JPG,,,1022,4271,,0,3,2,50
2024-02-16 12-00-00 T.JPG,My Site,JO c10,T,2024-02-16,12:00:00 PM,First Quarter,Off,HF2 PRO COVERT,128,0,128,128,90,0,8.5 (8.5 Avg),HLPXMQ12183707,,1.0.20230526a,C:\Users\jball\Pictures\RECONYX Images\My Site\JO c10\2024-02-16 12-00-00 T.JPG,,,468,2462,,0,3,2,50
2024-02-17 12-00-00 T.JPG,My Site,JO c10,T,2024-02-17,12:00:00 PM,First Quarter,Off,HF2 PRO COVERT,128,0,128,128,90,4,8.5 (8.5 Avg),HLPXMQ12183707,,1.0.20230526a,C:\Users\jball\Pictures\RECONYX Images\My Site\JO c10\2024-02-17 12-00-00 T.JPG,,,545,2721,,0,3,2,50
2024-02-18 12-00-00 T.JPG,My Site,JO c10,T,2024-02-18,12:00:00 PM,Waxing Gibbous,Off,HF2 PRO COVERT,128,0,128,128,90,18,8.7 (8.7 Avg),HLPXMQ12183707,,1.0.20230526a,C:\Users\jball\Pictures\RECONYX Images\My Site\JO c10\2024-02-18 12-00-00 T.JPG,,,1047,4103,,0,3,2,50
2024-02-19 12-00-00 T.JPG,My Site,JO c10,T,2024-02-19,12:00:00 PM,Waxing Gibbous,Off,HF2 PRO COVERT,128,0,128,128,90,18,8.7 (8.7 Avg),HLPXMQ12183707,,1.0.20230526a,C:\Users\jball\Pictures\RECONYX Images\My Site\JO c10\2024-02-19 12-00-00 T.JPG,,,1276,5120,,0,3,2,50
2024-02-20 12-00-00 T.JPG,My Site,JO c10,T,2024-02-20,12:00:00 PM,Waxing Gibbous,Off,HF2 PRO COVERT,128,0,128,128,90,32,8.9 (8.9 Avg),HLPXMQ12183707,,1.0.20230526a,C:\Users\jball\Pictures\RECONYX Images\My Site\JO c10\2024-02-20 12-00-00 T.JPG,,,1570,6230,,0,3,2,50
2024-02-21 12-00-00 T.JPG,My Site,JO c10,T,2024-02-21,12:00:00 PM,Waxing Gibbous,Off,HF2 PRO COVERT,128,0,128,128,90,29,9.0 (9.0 Avg),HLPXMQ12183707,,1.0.20230526a,C:\Users\jball\Pictures\RECONYX Images\My Site\JO c10\2024-02-21 12-00-00 T.JPG,,,548,2747,,0,3,2,50
2024-02-22 12-00-00 T.JPG,My Site,JO c10,T,2024-02-22,12:00:00 PM,Full Moon,Off,HF2 PRO COVERT,128,0,128,128,90,31,9.0 (9.0 Avg),HLPXMQ12183707,,1.0.20230526a,C:\Users\jball\Pictures\RECONYX Images\My Site\JO c10\2024-02-22 12-00-00 T.JPG,,,1005,4017,,0,3,2,50
2024-02-23 12-00-00 T.JPG,My Site,JO c10,T,2024-02-23,12:00:00 PM,Full Moon,Off,HF2 PRO COVERT,128,0,128,128,90,18,8.8 (8.8 Avg),HLPXMQ12183707,,1.0.20230526a,C:\Users\jball\Pictures\RECONYX Images\My Site\JO c10\2024-02-23 12-00-00 T.JPG,,,934,4105,,0,3,2,50
2024-02-24 12-00-00 T.JPG,My Site,JO c10,T,2024-02-24,12:00:00 PM,Full Moon,Off,HF2 PRO COVERT,128,0,128,128,90,-5,8.5 (8.5 Avg),HLPXMQ12183707,,1.0.20230526a,C:\Users\jball\Pictures\RECONYX Images\My Site\JO c10\2024-02-24 12-00-00 T.JPG,,,606,2899,,0,3,2,50
2024-02-25 12-00-00 T.JPG,My Site,JO c10,T,2024-02-25,12:00:00 PM,Full Moon,Off,HF2 PRO COVERT,128,0,128,128,90,5,8.6 (8.6 Avg),HLPXMQ12183707,,1.0.20230526a,C:\Users\jball\Pictures\RECONYX Images\My Site\JO c10\2024-02-25 12-00-00 T.JPG,,,1252,5051,,0,3,2,50
2024-02-26 12-00-00 T.JPG,My Site,JO c10,T,2024-02-26,12:00:00 PM,Waning Gibbous,Off,HF2 PRO COVERT,128,0,128,128,90,-13,8.4 (8.4 Avg),HLPXMQ12183707,,1.0.20230526a,C:\Users\jball\Pictures\RECONYX Images\My Site\JO c10\2024-02-26 12-00-00 T.JPG,,,738,3360,,0,3,2,50
2024-02-27 12-00-00 T.JPG,My Site,JO c10,T,2024-02-27,12:00:00 PM,Waning Gibbous,Off,HF2 PRO COVERT,128,0,128,128,90,2,8.5 (8.5 Avg),HLPXMQ12183707,,1.0.20230526a,C:\Users\jball\Pictures\RECONYX Images\My Site\JO c10\2024-02-27 12-00-00 T.JPG,,,1515,5774,,0,3,2,50
2024-02-28 12-00-00 T.JPG,My Site,JO c10,T,2024-02-28,12:00:00 PM,Waning Gibbous,Off,HF2 PRO COVERT,128,0,128,128,90,-5,8.4 (8.5 Avg),HLPXMQ12183707,,1.0.20230526a,C:\Users\jball\Pictures\RECONYX Images\My Site\JO c10\2024-02-28 12-00-00 T.JPG,,,1876,7109,,0,3,2,50
2024-02-29 12-00-00 T.JPG,My Site,JO c10,T,2024-02-29,12:00:00 PM,Last Quarter,Off,HF2 PRO COVERT,128,0,128,128,90,-9,8.4 (8.4 Avg),HLPXMQ12183707,,1.0.20230526a,C:\Users\jball\Pictures\RECONYX Images\My Site\JO c10\2024-02-29 12-00-00 T.JPG,,,1950,7373,,0,3,2,50
2024-03-01 12-00-00 T.JPG,My Site,JO c10,T,2024-03-01,12:00:00 PM,Last Quarter,Off,HF2 PRO COVERT,128,0,128,128,90,-11,8.4 (8.4 Avg),HLPXMQ12183707,,1.0.20230526a,C:\Users\jball\Pictures\RECONYX Images\My Site\JO c10\2024-03-01 12-00-00 T.JPG,,,1950,7377,,0,3,2,50
2024-03-02 12-00-00 T.JPG,My Site,JO c10,T,2024-03-02,12:00:00 PM,Last Quarter,Off,HF2 PRO COVERT,128,0,128,128,90,-11,8.4 (8.4 Avg),HLPXMQ12183707,,1.0.20230526a,C:\Users\jball\Pictures\RECONYX Images\My Site\JO c10\2024-03-02 12-00-00 T.JPG,,,1538,6061,,0,3,2,50
2024-03-03 12-00-00 T.JPG,My Site,JO c10,T,2024-03-03,12:00:00 PM,Last Quarter,Off,HF2 PRO COVERT,128,0,128,128,90,-22,8.2 (8.2 Avg),HLPXMQ12183707,,1.0.20230526a,C:\Users\jball\Pictures\RECONYX Images\My Site\JO c10\2024-03-03 12-00-00 T.JPG,,,861,3791,,0,3,2,50
2024-03-04 12-00-00 T.JPG,My Site,JO c10,T,2024-03-04,12:00:00 PM,Last Quarter,Off,HF2 PRO COVERT,128,0,128,128,90,-9,8.4 (8.4 Avg),HLPXMQ12183707,,1.0.20230526a,C:\Users\jball\Pictures\RECONYX Images\My Site\JO c10\2024-03-04 12-00-00 T.JPG,,,843,3774,,0,3,2,50
2024-03-05 12-00-00 T.JPG,My Site,JO c10,T,2024-03-05,12:00:00 PM,Waning Crescent,Off,HF2 PRO COVERT,128,0,128,128,90,7,8.5 (8.5 Avg),HLPXMQ12183707,,1.0.20230526a,C:\Users\jball\Pictures\RECONYX Images\My Site\JO c10\2024-03-05 12-00-00 T.JPG,,,1622,6529,,0,3,2,50
2024-03-06 12-00-00 T.JPG,My Site,JO c10,T,2024-03-06,12:00:00 PM,Waning Crescent,Off,HF2 PRO COVERT,128,0,128,128,90,13,8.7 (8.7 Avg),HLPXMQ12183707,,1.0.20230526a,C:\Users\jball\Pictures\RECONYX Images\My Site\JO c10\2024-03-06 12-00-00 T.JPG,,,775,3684,,0,3,2,50
2024-03-07 12-00-00 T.JPG,My Site,JO c10,T,2024-03-07,12:00:00 PM,Waning Crescent,Off,HF2 PRO COVERT,128,0,128,128,90,4,8.5 (8.5 Avg),HLPXMQ12183707,,1.0.20230526a,C:\Users\jball\Pictures\RECONYX Images\My Site\JO c10\2024-03-07 12-00-00 T.JPG,,,939,4124,,0,3,2,50
2024-03-08 12-00-00 T.JPG,My Site,JO c10,T,2024-03-08,12:00:00 PM,Waning Crescent,Off,HF2 PRO COVERT,128,0,128,128,90,16,8.7 (8.7 Avg),HLPXMQ12183707,,1.0.20230526a,C:\Users\jball\Pictures\RECONYX Images\My Site\JO c10\2024-03-08 12-00-00 T.JPG,,,1003,4483,,0,3,2,50
2024-03-09 12-00-00 T.JPG,My Site,JO c10,T,2024-03-09,12:00:00 PM,New Moon,Off,HF2 PRO COVERT,128,0,128,128,90,14,8.7 (8.7 Avg),HLPXMQ12183707,,1.0.20230526a,C:\Users\jball\Pictures\RECONYX Images\My Site\JO c10\2024-03-09 12-00-00 T.JPG,,,548,2751,,0,3,2,50
2024-03-10 12-00-00 T.JPG,My Site,JO c10,T,2024-03-10,12:00:00 PM,New Moon,Off,HF2 PRO COVERT,128,0,128,128,90,14,8.6 (8.6 Avg),HLPXMQ12183707,,1.0.20230526a,C:\Users\jball\Pictures\RECONYX Images\My Site\JO c10\2024-03-10 12-00-00 T.JPG,,,2423,9594,,0,3,2,50
2024-03-11 12-00-00 T.JPG,My Site,JO c10,T,2024-03-11,12:00:00 PM,New Moon,Off,HF2 PRO COVERT,128,0,128,128,90,25,8.8 (8.8 Avg),HLPXMQ12183707,,1.0.20230526a,C:\Users\jball\Pictures\RECONYX Images\My Site\JO c10\2024-03-11 12-00-00 T.JPG,,,2493,9864,,0,3,2,50
2024-03-12 12-00-00 T.JPG,My Site,JO c10,T,2024-03-12,12:00:00 PM,New Moon,Off,HF2 PRO COVERT,128,0,128,128,90,11,8.6 (8.6 Avg),HLPXMQ12183707,,1.0.20230526a,C:\Users\jball\Pictures\RECONYX Images\My Site\JO c10\2024-03-12 12-00-00 T.JPG,,,2154,8690,,0,3,2,50
2024-03-13 12-00-00 T.JPG,My Site,JO c10,T,2024-03-13,12:00:00 PM,Waxing Crescent,Off,HF2 PRO COVERT,128,0,128,128,90,22,8.8 (8.8 Avg),HLPXMQ12183707,,1.0.20230526a,C:\Users\jball\Pictures\RECONYX Images\My Site\JO c10\2024-03-13 12-00-00 T.JPG,,,1327,5489,,0,3,2,50
2024-03-14 12-00-00 T.JPG,My Site,JO c10,T,2024-03-14,12:00:00 PM,Waxing Crescent,Off,HF2 PRO COVERT,128,0,128,128,90,23,8.9 (8.9 Avg),HLPXMQ12183707,,1.0.20230526a,C:\Users\jball\Pictures\RECONYX Images\My Site\JO c10\2024-03-14 12-00-00 T.JPG,,,1428,6334,,0,2,3,70
2024-03-15 12-00-00 T.JPG,My Site,JO c10,T,2024-03-15,12:00:00 PM,Waxing Crescent,Off,HF2 PRO COVERT,128,0,128,128,90,23,8.8 (8.8 Avg),HLPXMQ12183707,,1.0.20230526a,C:\Users\jball\Pictures\RECONYX Images\My Site\JO c10\2024-03-15 12-00-00 T.JPG,,,2346,9498,,0,2,3,70
2024-03-16 12-00-00 T.JPG,My Site,JO c10,T,2024-03-16,12:00:00 PM,First Quarter,Off,HF2 PRO COVERT,128,0,128,128,90,35,9.0 (9.0 Avg),HLPXMQ12183707,,1.0.20230526a,C:\Users\jball\Pictures\RECONYX Images\My Site\JO c10\2024-03-16 12-00-00 T.JPG,,,2039,8407,,0,1,2,80
2024-03-17 12-00-00 T.JPG,My Site,JO c10,T,2024-03-17,12:00:00 PM,First Quarter,Off,HF2 PRO COVERT,128,0,128,128,90,35,9.1 (9.1 Avg),HLPXMQ12183707,,1.0.20230526a,C:\Users\jball\Pictures\RECONYX Images\My Site\JO c10\2024-03-17 12-00-00 T.JPG,,,1588,6686,,0,1,2,80
2024-03-18 12-00-00 T.JPG,My Site,JO c10,T,2024-03-18,12:00:00 PM,First Quarter,Off,HF2 PRO COVERT,128,0,128,128,90,35,9.1 (9.1 Avg),HLPXMQ12183707,,1.0.20230526a,C:\Users\jball\Pictures\RECONYX Images\My Site\JO c10\2024-03-18 12-00-00 T.JPG,,,2486,10240,,0,1,2,80
2024-03-19 12-00-00 T.JPG,My Site,JO c10,T,2024-03-19,12:00:00 PM,First Quarter,Off,HF2 PRO COVERT,128,0,128,128,90,35,9.1 (9.1 Avg),HLPXMQ12183707,,1.0.20230526a,C:\Users\jball\Pictures\RECONYX Images\My Site\JO c10\2024-03-19 12-00-00 T.JPG,,,2646,10240,,0,1,2,80
2024-03-20 12-00-00 T.JPG,My Site,JO c10,T,2024-03-20,12:00:00 PM,Waxing Gibbous,Off,HF2 PRO COVERT,128,0,128,128,90,23,8.9 (8.9 Avg),HLPXMQ12183707,,1.0.20230526a,C:\Users\jball\Pictures\RECONYX Images\My Site\JO c10\2024-03-20 12-00-00 T.JPG,,,2018,8244,,0,2,1,70
