snowdepthSTN,depthDate,snow depth,Comments
SS-1,17-Nov-2020,18,
SS-2,17-Nov-2020,22,
SS-3,17-Nov-2020,28,
SS-4,17-Nov-2020,24,
SS-5,17-Nov-2020,17,
SS-6,17-Nov-2020,15,
SS-1,11-Mar-2020,41,
SS-2,11-Mar-2020,69,
SS-3,11-Mar-2020,59,
SS-4,11-Mar-2020,60,
SS-5,11-Mar-2020,50,
SS-6,11-Mar-2020,46,
SS-1,08-Mar-2020,-9999,Not recorded
SS-2,08-Mar-2020,42,
SS-3,08-Mar-2020,62,
SS-4,08-Mar-2020,53,
SS-5,08-Mar-2020,-9999,Not recorded
SS-6,08-Mar-2020,47,
SS-1,07-Mar-2020,41,
SS-2,07-Mar-2020,69,
SS-3,07-Mar-2020,59,
SS-4,07-Mar-2020,46,
SS-5,07-Mar-2020,45,
SS-6,07-Mar-2020,47,
SS-1,04-Mar-2020,41,
SS-2,04-Mar-2020,72,
SS-3,04-Mar-2020,61,
SS-4,04-Mar-2020,43,
SS-5,04-Mar-2020,54,
SS-6,04-Mar-2020,44,
SS-1,03-Mar-2020,-9999,Not recorded
SS-2,03-Mar-2020,61,
SS-3,03-Mar-2020,60,
SS-4,03-Mar-2020,52,
SS-5,03-Mar-2020,54,
SS-6,03-Mar-2020,48,
SS-1,02-Mar-2020,41,
SS-2,02-Mar-2020,57,
SS-3,02-Mar-2020,61,
SS-4,02-Mar-2020,-9999,Not recorded
SS-5,02-Mar-2020,52,
SS-6,02-Mar-2020,-9999,Not recorded
SS-1,28-Feb-2020,43,
SS-2,28-Feb-2020,60,
SS-3,28-Feb-2020,63,
SS-4,28-Feb-2020,61,
SS-5,28-Feb-2020,56,
SS-6,28-Feb-2020,51,
SS-1,27-Feb-2020,45,
SS-2,27-Feb-2020,59,
SS-3,27-Feb-2020,63,
SS-4,27-Feb-2020,60,
SS-5,27-Feb-2020,56,
SS-6,27-Feb-2020,50,
SS-1,26-Feb-2020,45,
SS-2,26-Feb-2020,60,
SS-3,26-Feb-2020,63,
SS-4,26-Feb-2020,67,
SS-5,26-Feb-2020,57,
SS-6,26-Feb-2020,50,
SS-1,21-Feb-2020,55,
SS-2,21-Feb-2020,50,
SS-3,21-Feb-2020,56,
SS-4,21-Feb-2020,66,
SS-5,21-Feb-2020,54,
SS-6,21-Feb-2020,-9999,Not recorded
SS-1,20-Feb-2020,45,
SS-2,20-Feb-2020,-9999,Not recorded
SS-3,20-Feb-2020,55,
SS-4,20-Feb-2020,55,
SS-5,20-Feb-2020,50,
SS-6,20-Feb-2020,44,
SS-1,19-Feb-2020,-9999,Not recorded
SS-2,19-Feb-2020,-9999,Not recorded
SS-3,19-Feb-2020,-9999,Not recorded
SS-4,19-Feb-2020,60,
SS-5,19-Feb-2020,50,
SS-6,19-Feb-2020,44,
SS-1,18-Feb-2020,-9999,Not recorded
SS-2,18-Feb-2020,-9999,Not recorded
SS-3,18-Feb-2020,-9999,Not recorded
SS-4,18-Feb-2020,53,
SS-5,18-Feb-2020,51,
SS-6,18-Feb-2020,-9999,Not recorded
SS-1,16-Feb-2020,26,
SS-2,16-Feb-2020,60,
SS-3,16-Feb-2020,-9999,Not recorded
SS-4,16-Feb-2020,52,
SS-5,16-Feb-2020,32,
SS-6,16-Feb-2020,42,
SS-1,14-Feb-2020,-9999,Not recorded
SS-2,14-Feb-2020,60,
SS-3,14-Feb-2020,55,
SS-4,14-Feb-2020,51,
SS-5,14-Feb-2020,51,
SS-6,14-Feb-2020,43,
SS-1,12-Feb-2020,-9999,"Not recorded, transect only completed to km 20 (starting at the Chitty end)"
SS-2,12-Feb-2020,60,
SS-3,12-Feb-2020,60,
SS-4,12-Feb-2020,40,
SS-5,12-Feb-2020,55,
SS-6,12-Feb-2020,35,
SS-1,08-Feb-2020,-9999,"Not recorded, transect not competed past km 15"
SS-2,08-Feb-2020,-9999,"Not recorded, transect not competed past km 15"
SS-3,08-Feb-2020,60,
SS-4,08-Feb-2020,52,
SS-5,08-Feb-2020,50,
SS-6,08-Feb-2020,45,
SS-1,23-Feb-2019,50,
SS-2,23-Feb-2019,52,
SS-3,23-Feb-2019,51,
SS-4,23-Feb-2019,33,
SS-5,23-Feb-2019,33,
SS-6,23-Feb-2019,28,
SS-1,07-Feb-2019,40,
SS-2,07-Feb-2019,51,
SS-3,07-Feb-2019,45,
SS-4,07-Feb-2019,26,
SS-5,07-Feb-2019,27,
SS-6,07-Feb-2019,27,
SS-1,01-Feb-2019,39,
SS-2,01-Feb-2019,48,
SS-3,01-Feb-2019,33,
SS-4,01-Feb-2019,24,
SS-5,01-Feb-2019,32,
SS-6,01-Feb-2019,20,
SS-1,27-Jan-2019,39,
SS-2,27-Jan-2019,48,
SS-3,27-Jan-2019,37,
SS-4,27-Jan-2019,20,
SS-5,27-Jan-2019,25,
SS-6,27-Jan-2019,18,
SS-1,16-Jan-2019,32,
SS-2,16-Jan-2019,48,
SS-3,16-Jan-2019,39,
SS-4,16-Jan-2019,22,
SS-5,16-Jan-2019,30,
SS-6,16-Jan-2019,19,
SS-1,05-Jan-2019,32,
SS-2,05-Jan-2019,47,
SS-3,05-Jan-2019,34,
SS-4,05-Jan-2019,20,
SS-5,05-Jan-2019,31,
SS-6,05-Jan-2019,21,
SS-1,11-Dec-2018,31,
SS-2,11-Dec-2018,44,
SS-3,11-Dec-2018,31,
SS-4,11-Dec-2018,14,
SS-5,11-Dec-2018,17,
SS-6,11-Dec-2018,17,
SS-1,17-Nov-2018,10,
SS-2,17-Nov-2018,25,
SS-3,17-Nov-2018,22,
SS-4,17-Nov-2018,8,transect stopped due to lack of snow
SS-5,17-Nov-2018,-9999,
SS-6,17-Nov-2018,-9999,
SS-1,23-Mar-2018,82,
SS-2,23-Mar-2018,75,
SS-3,23-Mar-2018,64,
SS-4,23-Mar-2018,47,
SS-5,23-Mar-2018,50,
SS-6,23-Mar-2018,34,
SS-1,24-Feb-2018,70,
SS-2,24-Feb-2018,83,
SS-3,24-Feb-2018,82,
SS-4,24-Feb-2018,50,
SS-5,24-Feb-2018,50,
SS-6,24-Feb-2018,33,
SS-1,21-Feb-2018,55,
SS-2,21-Feb-2018,67,
SS-3,21-Feb-2018,71,
SS-4,21-Feb-2018,54,
SS-5,21-Feb-2018,55,
SS-6,21-Feb-2018,30,
SS-1,17-Feb-2018,70,
SS-2,17-Feb-2018,74,
SS-3,17-Feb-2018,79,
SS-4,17-Feb-2018,56,
SS-5,17-Feb-2018,52,
SS-6,17-Feb-2018,32,
SS-1,29-Jan-2018,53,
SS-2,29-Jan-2018,82,
SS-3,29-Jan-2018,75,
SS-4,29-Jan-2018,55,
SS-5,29-Jan-2018,52,
SS-6,29-Jan-2018,33,
SS-1,06-Jan-2018,46,
SS-2,06-Jan-2018,55,
SS-3,06-Jan-2018,58,
SS-4,06-Jan-2018,46,
SS-5,06-Jan-2018,48,
SS-6,06-Jan-2018,23,
SS-1,21-Dec-2017,41,
SS-2,21-Dec-2017,51,
SS-3,21-Dec-2017,47,
SS-4,21-Dec-2017,41,
SS-5,21-Dec-2017,40,
SS-6,21-Dec-2017,21,
SS-1,12-Dec-2017,36,
SS-2,12-Dec-2017,54,
SS-3,12-Dec-2017,47,
SS-4,12-Dec-2017,42,
SS-5,12-Dec-2017,40,
SS-6,12-Dec-2017,22,
SS-1,28-Nov-2017,34,
SS-2,28-Nov-2017,37,
SS-3,28-Nov-2017,29,
SS-4,28-Nov-2017,9,
SS-5,28-Nov-2017,-9999,not done
SS-6,28-Nov-2017,-9999,not done
SS-1,29-Mar-2017,77,
SS-2,29-Mar-2017,105,
SS-3,29-Mar-2017,97,last depth measurement today
SS-4,29-Mar-2017,-9999,
SS-5,29-Mar-2017,-9999,
SS-6,29-Mar-2017,-9999,
SS-1,24-Mar-2017,89,
SS-2,24-Mar-2017,-9999,missed
SS-3,24-Mar-2017,110,
SS-4,24-Mar-2017,78,
SS-5,24-Mar-2017,-9999,missed
SS-6,24-Mar-2017,54,
SS-1,14-Mar-2017,84,
SS-2,14-Mar-2017,-9999,missed
SS-3,14-Mar-2017,105,
SS-4,14-Mar-2017,80,
SS-5,14-Mar-2017,-9999,missed
SS-6,14-Mar-2017,62,
SS-1,07-Mar-2017,70,
SS-2,07-Mar-2017,102,
SS-3,07-Mar-2017,95,
SS-4,07-Mar-2017,71,
SS-5,07-Mar-2017,63,
SS-6,07-Mar-2017,55,
SS-1,28-Feb-2017,72,
SS-2,28-Feb-2017,95,
SS-3,28-Feb-2017,77,
SS-4,28-Feb-2017,72,
SS-5,28-Feb-2017,76,
SS-6,28-Feb-2017,58,
SS-1,15-Feb-2017,74,
SS-2,15-Feb-2017,113,
SS-3,15-Feb-2017,117,
SS-4,15-Feb-2017,81,
SS-5,15-Feb-2017,76,
SS-6,15-Feb-2017,67,
SS-1,21-Jan-2017,44,
SS-2,21-Jan-2017,47,
SS-3,21-Jan-2017,60,
SS-4,21-Jan-2017,37,
SS-5,21-Jan-2017,38,
SS-6,21-Jan-2017,36,
SS-1,08-Jan-2017,43,
SS-2,08-Jan-2017,41,
SS-3,08-Jan-2017,48,
SS-4,08-Jan-2017,33,
SS-5,08-Jan-2017,30,
SS-6,08-Jan-2017,33,
SS-1,01-Jan-2017,45,
SS-2,01-Jan-2017,54,
SS-3,01-Jan-2017,57,
SS-4,01-Jan-2017,40,
SS-5,01-Jan-2017,35,
SS-6,01-Jan-2017,38,
SS-1,21-Dec-2016,47,
SS-2,21-Dec-2016,59,
SS-3,21-Dec-2016,49,
SS-4,21-Dec-2016,35,
SS-5,21-Dec-2016,36,
SS-6,21-Dec-2016,37,
SS-1,06-Dec-2016,46,
SS-2,06-Dec-2016,49,
SS-3,06-Dec-2016,40,
SS-4,06-Dec-2016,40,
SS-5,06-Dec-2016,34,
SS-6,06-Dec-2016,30,
SS-1,01-Dec-2016,41,
SS-2,01-Dec-2016,50,
SS-3,01-Dec-2016,50,
SS-4,01-Dec-2016,35,
SS-5,01-Dec-2016,28,
SS-6,01-Dec-2016,32,
SS-1,25-Nov-2016,30,
SS-2,25-Nov-2016,34,
SS-3,25-Nov-2016,33,
SS-4,25-Nov-2016,23,last depth recorded
SS-5,25-Nov-2016,-9999,
SS-6,25-Nov-2016,-9999,
SS-1,14-Nov-2016,23,
SS-2,14-Nov-2016,32,
SS-3,14-Nov-2016,28,
SS-4,14-Nov-2016,21,
SS-5,14-Nov-2016,17,
SS-6,14-Nov-2016,17,
SS-1,19-Mar-2016,46,"winter 2015/16 data got lost and was appended here from another file. Stations were labelled OAH1-5, now assuming these are SS1-5 (missed SS-6???) so have renamed."
SS-2,19-Mar-2016,57,"winter 2015/16 data got lost and was appended here from another file. Stations were labelled OAH1-5, now assuming these are SS1-5 (missed SS-6???) so have renamed."
SS-3,19-Mar-2016,64,"winter 2015/16 data got lost and was appended here from another file. Stations were labelled OAH1-5, now assuming these are SS1-5 (missed SS-6???) so have renamed."
SS-4,19-Mar-2016,42,"winter 2015/16 data got lost and was appended here from another file. Stations were labelled OAH1-5, now assuming these are SS1-5 (missed SS-6???) so have renamed."
SS-5,19-Mar-2016,40,"winter 2015/16 data got lost and was appended here from another file. Stations were labelled OAH1-5, now assuming these are SS1-5 (missed SS-6???) so have renamed."
SS-1,05-Feb-2016,53,
SS-2,05-Feb-2016,60,last depth measurement today
SS-3,05-Feb-2016,-9999,
SS-4,05-Feb-2016,-9999,
SS-5,05-Feb-2016,-9999,
SS-6,05-Feb-2016,-9999,
SS-1,01-Feb-2016,44,"winter 2015/16 data got lost and was appended here from another file. Stations were labelled OAH1-5, now assuming these are SS1-5 (missed SS-6???) so have renamed."
SS-2,01-Feb-2016,59,"winter 2015/16 data got lost and was appended here from another file. Stations were labelled OAH1-5, now assuming these are SS1-5 (missed SS-6???) so have renamed."
SS-3,01-Feb-2016,60,"winter 2015/16 data got lost and was appended here from another file. Stations were labelled OAH1-5, now assuming these are SS1-5 (missed SS-6???) so have renamed."
SS-4,01-Feb-2016,46,"winter 2015/16 data got lost and was appended here from another file. Stations were labelled OAH1-5, now assuming these are SS1-5 (missed SS-6???) so have renamed."
SS-5,01-Feb-2016,36,"winter 2015/16 data got lost and was appended here from another file. Stations were labelled OAH1-5, now assuming these are SS1-5 (missed SS-6???) so have renamed."
SS-1,31-Jan-2016,45,"winter 2015/16 data got lost and was appended here from another file. Stations were labelled OAH1-5, now assuming these are SS1-5 (missed SS-6???) so have renamed."
SS-2,31-Jan-2016,66,"winter 2015/16 data got lost and was appended here from another file. Stations were labelled OAH1-5, now assuming these are SS1-5 (missed SS-6???) so have renamed."
SS-3,31-Jan-2016,63,"winter 2015/16 data got lost and was appended here from another file. Stations were labelled OAH1-5, now assuming these are SS1-5 (missed SS-6???) so have renamed."
SS-1,24-Jan-2016,34,"winter 2015/16 data got lost and was appended here from another file. Stations were labelled OAH1-5, now assuming these are SS1-5 (missed SS-6???) so have renamed."
SS-2,24-Jan-2016,45,"winter 2015/16 data got lost and was appended here from another file. Stations were labelled OAH1-5, now assuming these are SS1-5 (missed SS-6???) so have renamed."
SS-3,24-Jan-2016,48,"winter 2015/16 data got lost and was appended here from another file. Stations were labelled OAH1-5, now assuming these are SS1-5 (missed SS-6???) so have renamed."
SS-4,24-Jan-2016,32,"winter 2015/16 data got lost and was appended here from another file. Stations were labelled OAH1-5, now assuming these are SS1-5 (missed SS-6???) so have renamed."
SS-5,24-Jan-2016,30,"winter 2015/16 data got lost and was appended here from another file. Stations were labelled OAH1-5, now assuming these are SS1-5 (missed SS-6???) so have renamed."
SS-1,03-Jan-2016,29,"winter 2015/16 data got lost and was appended here from another file. Stations were labelled OAH1-5, now assuming these are SS1-5 (missed SS-6???) so have renamed."
SS-2,03-Jan-2016,41,"winter 2015/16 data got lost and was appended here from another file. Stations were labelled OAH1-5, now assuming these are SS1-5 (missed SS-6???) so have renamed."
SS-3,03-Jan-2016,42,"winter 2015/16 data got lost and was appended here from another file. Stations were labelled OAH1-5, now assuming these are SS1-5 (missed SS-6???) so have renamed."
SS-4,03-Jan-2016,32,"winter 2015/16 data got lost and was appended here from another file. Stations were labelled OAH1-5, now assuming these are SS1-5 (missed SS-6???) so have renamed."
SS-5,03-Jan-2016,28,"winter 2015/16 data got lost and was appended here from another file. Stations were labelled OAH1-5, now assuming these are SS1-5 (missed SS-6???) so have renamed."
SS-1,23-Dec-2015,25,"winter 2015/16 data got lost and was appended here from another file. Stations were labelled OAH1-5, now assuming these are SS1-5 (missed SS-6???) so have renamed."
SS-3,23-Dec-2015,35,"winter 2015/16 data got lost and was appended here from another file. Stations were labelled OAH1-5, now assuming these are SS1-5 (missed SS-6???) so have renamed."
SS-3,23-Dec-2015,36,"winter 2015/16 data got lost and was appended here from another file. Stations were labelled OAH1-5, now assuming these are SS1-5 (missed SS-6???) so have renamed."
SS-4,23-Dec-2015,24,"winter 2015/16 data got lost and was appended here from another file. Stations were labelled OAH1-5, now assuming these are SS1-5 (missed SS-6???) so have renamed."
SS-5,23-Dec-2015,23,"winter 2015/16 data got lost and was appended here from another file. Stations were labelled OAH1-5, now assuming these are SS1-5 (missed SS-6???) so have renamed."
SS-1,11-Dec-2015,22,"winter 2015/16 data got lost and was appended here from another file. Stations were labelled OAH1-5, now assuming these are SS1-5 (missed SS-6???) so have renamed."
SS-2,11-Dec-2015,33,"winter 2015/16 data got lost and was appended here from another file. Stations were labelled OAH1-5, now assuming these are SS1-5 (missed SS-6???) so have renamed."
SS-3,11-Dec-2015,32,"winter 2015/16 data got lost and was appended here from another file. Stations were labelled OAH1-5, now assuming these are SS1-5 (missed SS-6???) so have renamed."
SS-4,11-Dec-2015,24,"winter 2015/16 data got lost and was appended here from another file. Stations were labelled OAH1-5, now assuming these are SS1-5 (missed SS-6???) so have renamed."
SS-5,11-Dec-2015,22,"winter 2015/16 data got lost and was appended here from another file. Stations were labelled OAH1-5, now assuming these are SS1-5 (missed SS-6???) so have renamed."
SS-1,02-Dec-2015,16,"winter 2015/16 data got lost and was appended here from another file. Stations were labelled OAH1-5, now assuming these are SS1-5 (missed SS-6???) so have renamed."
SS-2,02-Dec-2015,33,"winter 2015/16 data got lost and was appended here from another file. Stations were labelled OAH1-5, now assuming these are SS1-5 (missed SS-6???) so have renamed."
SS-3,02-Dec-2015,37,"winter 2015/16 data got lost and was appended here from another file. Stations were labelled OAH1-5, now assuming these are SS1-5 (missed SS-6???) so have renamed."
SS-4,02-Dec-2015,24,"winter 2015/16 data got lost and was appended here from another file. Stations were labelled OAH1-5, now assuming these are SS1-5 (missed SS-6???) so have renamed."
SS-5,02-Dec-2015,23,"winter 2015/16 data got lost and was appended here from another file. Stations were labelled OAH1-5, now assuming these are SS1-5 (missed SS-6???) so have renamed."
SS-1,16-Nov-2015,15,"winter 2015/16 data got lost and was appended here from another file. Stations were labelled OAH1-5, now assuming these are SS1-5 (missed SS-6???) so have renamed."
SS-2,16-Nov-2015,25,"winter 2015/16 data got lost and was appended here from another file. Stations were labelled OAH1-5, now assuming these are SS1-5 (missed SS-6???) so have renamed."
SS-3,16-Nov-2015,24,"winter 2015/16 data got lost and was appended here from another file. Stations were labelled OAH1-5, now assuming these are SS1-5 (missed SS-6???) so have renamed."
SS-4,16-Nov-2015,19,"winter 2015/16 data got lost and was appended here from another file. Stations were labelled OAH1-5, now assuming these are SS1-5 (missed SS-6???) so have renamed."
SS-5,16-Nov-2015,18,"winter 2015/16 data got lost and was appended here from another file. Stations were labelled OAH1-5, now assuming these are SS1-5 (missed SS-6???) so have renamed."
SS-1,15-Mar-2015,61,
SS-2,15-Mar-2015,71,
SS-3,15-Mar-2015,77,
SS-4,15-Mar-2015,40,
SS-5,15-Mar-2015,41,
SS-6,15-Mar-2015,43,
SS-1,11-Mar-2015,52,
SS-2,11-Mar-2015,66,
SS-3,11-Mar-2015,59,
SS-4,11-Mar-2015,27,
SS-5,11-Mar-2015,-9999,missed
SS-6,11-Mar-2015,35,
SS-1,14-Feb-2015,52,
SS-2,14-Feb-2015,73,
SS-3,14-Feb-2015,58,
SS-4,14-Feb-2015,38,
SS-5,14-Feb-2015,40,
SS-6,14-Feb-2015,38,
SS-1,10-Feb-2015,48,
SS-2,10-Feb-2015,64,
SS-3,10-Feb-2015,62,
SS-4,10-Feb-2015,32,
SS-5,10-Feb-2015,37,
SS-6,10-Feb-2015,29,
SS-1,31-Jan-2015,50,
SS-2,31-Jan-2015,68,
SS-3,31-Jan-2015,62,
SS-4,31-Jan-2015,30,
SS-5,31-Jan-2015,34,
SS-6,31-Jan-2015,34,
SS-1,03-Jan-2015,43,
SS-2,03-Jan-2015,60,
SS-3,03-Jan-2015,52,
SS-4,03-Jan-2015,26,
SS-5,03-Jan-2015,30,
SS-6,03-Jan-2015,32,
SS-1,22-Dec-2014,38,
SS-2,22-Dec-2014,50,
SS-3,22-Dec-2014,45,
SS-4,22-Dec-2014,22,
SS-5,22-Dec-2014,24,
SS-6,22-Dec-2014,23,
SS-1,16-Dec-2014,33,
SS-2,16-Dec-2014,47,
SS-3,16-Dec-2014,42,
SS-4,16-Dec-2014,20,
SS-5,16-Dec-2014,21,
SS-6,16-Dec-2014,17,
SS-1,10-Dec-2014,33,
SS-2,10-Dec-2014,48,
SS-3,10-Dec-2014,40,
SS-4,10-Dec-2014,24,
SS-5,10-Dec-2014,21,
SS-6,10-Dec-2014,24,
SS-1,29-Nov-2014,29,
SS-2,29-Nov-2014,35,
SS-3,29-Nov-2014,29,
SS-4,29-Nov-2014,18,
SS-5,29-Nov-2014,19,
SS-6,29-Nov-2014,20,
SS-1,23-Nov-2014,24,
SS-2,23-Nov-2014,39,
SS-3,23-Nov-2014,31,
SS-4,23-Nov-2014,15,
SS-5,23-Nov-2014,13,
SS-6,23-Nov-2014,17,
SS-1,20-Nov-2014,18,
SS-2,20-Nov-2014,23,
SS-3,20-Nov-2014,28,
SS-4,20-Nov-2014,13,track aborted after this station
SS-5,20-Nov-2014,-9999,
SS-6,20-Nov-2014,-9999,
SS-1,18-Feb-2014,41,
SS-2,18-Feb-2014,54,
SS-3,18-Feb-2014,49,
SS-4,18-Feb-2014,28,
SS-5,18-Feb-2014,30,
SS-6,18-Feb-2014,41,
SS-1,04-Jan-2014,31,
SS-2,04-Jan-2014,42,
SS-3,04-Jan-2014,19,
SS-4,04-Jan-2014,31,
SS-5,04-Jan-2014,29,
SS-6,04-Jan-2014,32,
SS-1,16-Dec-2013,30,
SS-2,16-Dec-2013,33,
SS-3,16-Dec-2013,45,
SS-4,16-Dec-2013,25,
SS-5,16-Dec-2013,27,
SS-6,16-Dec-2013,30,
SS-1,04-Dec-2013,18,
SS-2,04-Dec-2013,25,
SS-3,04-Dec-2013,19,
SS-4,04-Dec-2013,17,
SS-5,04-Dec-2013,-9999,no depth
SS-6,04-Dec-2013,-9999,no depth
SS-1,22-Apr-2013,70,
SS-2,22-Apr-2013,88,
SS-3,22-Apr-2013,80,
SS-4,22-Apr-2013,49,
SS-5,22-Apr-2013,48,
SS-6,22-Apr-2013,44,
SS-1,28-Feb-2013,59,
SS-2,28-Feb-2013,63,
SS-3,28-Feb-2013,74,
SS-4,28-Feb-2013,53,
SS-5,28-Feb-2013,50,
SS-6,28-Feb-2013,43,
SS-1,13-Feb-2013,57,
SS-2,13-Feb-2013,70,
SS-3,13-Feb-2013,72,
SS-4,13-Feb-2013,51,
SS-5,13-Feb-2013,47,
SS-6,13-Feb-2013,41,
SS-1,03-Feb-2013,49,
SS-2,03-Feb-2013,50,
SS-3,03-Feb-2013,53,
SS-4,03-Feb-2013,42,
SS-5,03-Feb-2013,41,
SS-6,03-Feb-2013,35,
SS-1,20-Jan-2013,48,
SS-2,20-Jan-2013,50,
SS-3,20-Jan-2013,52,
SS-4,20-Jan-2013,40,
SS-5,20-Jan-2013,39,
SS-6,20-Jan-2013,31,
SS-1,05-Jan-2013,48,
SS-2,05-Jan-2013,43,
SS-3,05-Jan-2013,51,
SS-4,05-Jan-2013,41,
SS-5,05-Jan-2013,45,
SS-6,05-Jan-2013,32,
SS-1,19-Dec-2012,44,
SS-2,19-Dec-2012,59,
SS-3,19-Dec-2012,50,
SS-4,19-Dec-2012,-9999,aborted transect due to wind
SS-5,19-Dec-2012,-9999,
SS-6,19-Dec-2012,-9999,
SS-1,17-Dec-2012,46,
SS-2,17-Dec-2012,60,
SS-3,17-Dec-2012,51,
SS-4,17-Dec-2012,41,
SS-5,17-Dec-2012,33,
SS-6,17-Dec-2012,-9999,did not record
SS-1,25-Nov-2012,37,
SS-2,25-Nov-2012,37,
SS-3,25-Nov-2012,41,
SS-4,25-Nov-2012,34,
SS-5,25-Nov-2012,30,
SS-6,25-Nov-2012,-9999,did not record
SS-1,21-Nov-2012,33,
SS-2,21-Nov-2012,35,
SS-3,21-Nov-2012,39,
SS-4,21-Nov-2012,32,
SS-5,21-Nov-2012,30,
SS-6,21-Nov-2012,-9999,did not record
OAH-2,16-Mar-2012,114,
OAH-3,16-Mar-2012,110,
OAH-4,16-Mar-2012,101,
OAH-5,16-Mar-2012,101,
OAH-6,16-Mar-2012,69,
OAH-7,16-Mar-2012,57,
OAH-8,16-Mar-2012,57,
OAH-9,16-Mar-2012,65,
OAH-2,07-Mar-2012,99,
OAH-3,07-Mar-2012,109,
OAH-4,07-Mar-2012,89,
OAH-5,07-Mar-2012,89,
OAH-6,07-Mar-2012,61,
OAH-7,07-Mar-2012,50,
OAH-8,07-Mar-2012,50,
OAH-9,07-Mar-2012,57,
OAH-2,14-Feb-2012,105,
OAH-3,14-Feb-2012,111,
OAH-4,14-Feb-2012,101,
OAH-5,14-Feb-2012,101,
OAH-6,14-Feb-2012,65,
OAH-7,14-Feb-2012,55,
OAH-8,14-Feb-2012,55,
OAH-9,14-Feb-2012,59,
OAH-2,06-Feb-2012,105,
OAH-3,06-Feb-2012,105,
OAH-4,06-Feb-2012,109,
OAH-5,06-Feb-2012,68,
OAH-6,06-Feb-2012,68,
OAH-7,06-Feb-2012,55,
OAH-8,06-Feb-2012,55,
OAH-2,27-Jan-2012,84,
OAH-3,27-Jan-2012,83,
OAH-4,27-Jan-2012,81,
OAH-5,27-Jan-2012,81,
OAH-6,27-Jan-2012,50,
OAH-7,27-Jan-2012,40,
OAH-8,27-Jan-2012,40,
OAH-9,27-Jan-2012,50,
OAH-2,20-Dec-2011,55,
OAH-3,20-Dec-2011,50,
OAH-4,20-Dec-2011,53,
OAH-5,20-Dec-2011,53,
OAH-6,20-Dec-2011,36,
OAH-7,20-Dec-2011,28,
OAH-8,20-Dec-2011,28,
OAH-9,20-Dec-2011,29,
OAH-2,14-Dec-2011,55,
OAH-3,14-Dec-2011,55,
OAH-4,14-Dec-2011,59,
OAH-5,14-Dec-2011,38,
OAH-6,14-Dec-2011,38,
OAH-7,14-Dec-2011,28,
OAH-8,14-Dec-2011,28,
OAH-9,14-Dec-2011,32,
OAH-4,21-Nov-2011,42,
OAH-5,21-Nov-2011,31,
OAH-6,21-Nov-2011,31,
OAH-7,21-Nov-2011,20,
OAH-2,14-Oct-2011,24,
OAH-3,14-Oct-2011,24,
OAH-4,14-Oct-2011,19,
OAH-5,14-Oct-2011,7,
OAH-8,14-Oct-2011,4,
OAH-9,14-Oct-2011,4,
OAH-2,16-Apr-2011,79,
OAH-3,16-Apr-2011,105,
OAH-4,16-Apr-2011,93,
OAH-5,16-Apr-2011,93,
OAH-6,16-Apr-2011,62,
OAH-7,16-Apr-2011,65,
OAH-8,16-Apr-2011,65,
OAH-9,16-Apr-2011,66,
OAH-2,20-Mar-2011,77,
OAH-3,20-Mar-2011,99,
OAH-4,20-Mar-2011,103,
OAH-5,20-Mar-2011,103,
OAH-6,20-Mar-2011,71,
OAH-7,20-Mar-2011,72,
OAH-8,20-Mar-2011,72,
OAH-9,20-Mar-2011,74,
OAH-6,02-Mar-2011,68,
OAH-7,02-Mar-2011,68,
OAH-8,02-Mar-2011,68,
OAH-9,02-Mar-2011,66,
OAH-2,24-Feb-2011,68,
OAH-3,24-Feb-2011,93,
OAH-4,24-Feb-2011,101,
OAH-5,24-Feb-2011,101,
OAH-6,24-Feb-2011,60,
OAH-7,24-Feb-2011,75,
OAH-8,24-Feb-2011,75,
OAH-9,24-Feb-2011,54,
OAH-2,19-Jan-2011,78,
OAH-3,19-Jan-2011,79,
OAH-5,19-Jan-2011,84,
OAH-6,19-Jan-2011,59,
OAH-7,19-Jan-2011,55,
OAH-9,19-Jan-2011,60,
OAH-2,15-Jan-2011,68,
OAH-3,15-Jan-2011,78,
OAH-4,15-Jan-2011,77,
OAH-5,15-Jan-2011,54,
OAH-6,15-Jan-2011,54,
OAH-7,15-Jan-2011,58,
OAH-8,15-Jan-2011,58,
OAH-9,15-Jan-2011,55,
OAH-2,11-Dec-2010,69,
OAH-3,11-Dec-2010,80,
OAH-4,11-Dec-2010,65,
OAH-5,11-Dec-2010,80,
OAH-6,11-Dec-2010,56,
OAH-7,11-Dec-2010,49,
OAH-8,11-Dec-2010,40,
OAH-9,11-Dec-2010,40,
OAH-2,25-Nov-2010,66,
OAH-3,25-Nov-2010,67,
OAH-4,25-Nov-2010,67,
OAH-5,25-Nov-2010,57,
OAH-6,25-Nov-2010,47,
OAH-7,25-Nov-2010,47,
OAH-8,25-Nov-2010,43,
OAH-9,25-Nov-2010,43,
OAH-2,14-Nov-2010,28,
OAH-3,14-Nov-2010,50,
OAH-4,14-Nov-2010,43,
OAH-5,14-Nov-2010,26,
OAH-6,14-Nov-2010,26,
OAH-7,14-Nov-2010,27,
OAH-9,14-Nov-2010,27,
OAH-9,06-Nov-2010,27,
OAH-2,15-Oct-2010,13,
OAH-3,15-Oct-2010,41,
OAH-4,15-Oct-2010,25,
OAH-5,15-Oct-2010,16,
OAH-6,15-Oct-2010,16,
OAH-7,15-Oct-2010,17,
OAH-9,15-Oct-2010,17,
OAH-2,07-Mar-2010,81,
OAH-3,07-Mar-2010,83,
OAH-4,07-Mar-2010,68,
OAH-5,07-Mar-2010,68,
OAH-6,07-Mar-2010,58,
OAH-7,07-Mar-2010,58,
OAH-8,07-Mar-2010,62,
OAH-9,07-Mar-2010,62,
OAH-2,03-Mar-2010,72,
OAH-3,03-Mar-2010,82,
OAH-4,03-Mar-2010,82,
OAH-5,03-Mar-2010,82,
OAH-6,03-Mar-2010,58,
OAH-7,03-Mar-2010,58,
OAH-8,03-Mar-2010,59,
OAH-9,03-Mar-2010,59,
OAH-2,05-Feb-2010,82,
OAH-3,05-Feb-2010,83,
OAH-4,05-Feb-2010,83,
OAH-5,05-Feb-2010,80,
OAH-2,26-Jan-2010,75,
OAH-3,26-Jan-2010,74,
OAH-4,26-Jan-2010,75,
OAH-5,26-Jan-2010,75,
OAH-6,26-Jan-2010,52,
OAH-7,26-Jan-2010,54,
OAH-8,26-Jan-2010,53,
OAH-9,26-Jan-2010,53,
OAH-2,25-Jan-2010,75,
OAH-3,25-Jan-2010,74,
OAH-4,25-Jan-2010,75,
OAH-5,25-Jan-2010,75,
OAH-6,25-Jan-2010,52,
OAH-7,25-Jan-2010,54,
OAH-8,25-Jan-2010,53,
OAH-9,25-Jan-2010,53,
OAH-2,18-Jan-2010,59,
OAH-3,18-Jan-2010,83,
OAH-4,18-Jan-2010,80,
OAH-5,18-Jan-2010,80,
OAH-6,18-Jan-2010,58,
OAH-7,18-Jan-2010,48,
OAH-8,18-Jan-2010,53,
OAH-9,18-Jan-2010,53,
OAH-2,13-Jan-2010,65,
OAH-3,13-Jan-2010,78,
OAH-4,13-Jan-2010,71,
OAH-5,13-Jan-2010,47,
OAH-6,13-Jan-2010,47,
OAH-7,13-Jan-2010,49,
OAH-8,13-Jan-2010,49,
OAH-9,13-Jan-2010,52,
OAH-6,22-Dec-2009,56,
OAH-2,21-Dec-2009,59,
OAH-3,21-Dec-2009,60,
OAH-4,21-Dec-2009,69,
OAH-5,21-Dec-2009,69,
OAH-6,21-Dec-2009,56,
OAH-2,05-Dec-2009,51,
OAH-3,05-Dec-2009,52,
OAH-4,05-Dec-2009,52,
OAH-5,05-Dec-2009,52,
OAH-6,05-Dec-2009,38,
OAH-7,05-Dec-2009,38,
OAH-8,05-Dec-2009,29,
OAH-9,05-Dec-2009,29,
OAH-2,21-Nov-2009,51,
OAH-3,21-Nov-2009,58,
OAH-4,21-Nov-2009,54,
OAH-5,21-Nov-2009,45,
OAH-6,21-Nov-2009,39,
OAH-7,21-Nov-2009,37,
OAH-8,21-Nov-2009,37,
OAH-9,21-Nov-2009,37,
OAH-2,20-Nov-2009,51,
OAH-3,20-Nov-2009,58,
OAH-4,20-Nov-2009,54,
OAH-5,20-Nov-2009,45,
OAH-6,20-Nov-2009,39,
OAH-7,20-Nov-2009,37,
OAH-8,20-Nov-2009,37,
OAH-9,20-Nov-2009,37,
OAH-1,06-Nov-2009,20,
OAH-2,06-Nov-2009,22,
OAH-3,06-Nov-2009,28,
OAH-4,06-Nov-2009,25,
OAH-5,06-Nov-2009,23,
OAH-6,06-Nov-2009,18,
OAH-7,06-Nov-2009,17,
OAH-8,06-Nov-2009,15,
OAH-9,06-Nov-2009,15,
OAH-1,27-Mar-2009,65,
OAH-2,27-Mar-2009,73,
OAH-3,27-Mar-2009,73,
OAH-4,27-Mar-2009,92,
OAH-5,27-Mar-2009,80,
OAH-6,27-Mar-2009,68,
OAH-7,27-Mar-2009,70,
OAH-8,27-Mar-2009,60,
OAH-9,27-Mar-2009,57,
OAH-2,18-Mar-2009,69,
OAH-3,18-Mar-2009,76,
OAH-4,18-Mar-2009,91,
OAH-5,18-Mar-2009,91,
OAH-6,18-Mar-2009,65,
OAH-7,18-Mar-2009,64,
OAH-9,18-Mar-2009,64,
OAH-9,18-Mar-2009,64,
OAH-1,23-Feb-2009,65,
OAH-2,23-Feb-2009,70,
OAH-3,23-Feb-2009,88,
OAH-4,23-Feb-2009,91,
OAH-5,23-Feb-2009,91,
OAH-6,23-Feb-2009,66,
OAH-7,23-Feb-2009,66,
OAH-8,23-Feb-2009,64,
OAH-9,23-Feb-2009,64,
OAH-2,13-Feb-2009,75,
OAH-3,13-Feb-2009,86,
OAH-4,13-Feb-2009,89,
OAH-5,13-Feb-2009,75,
OAH-6,13-Feb-2009,75,
OAH-7,13-Feb-2009,70,
OAH-8,13-Feb-2009,70,
OAH-9,13-Feb-2009,60,
OAH-2,09-Feb-2009,80,
OAH-3,09-Feb-2009,84,
OAH-4,09-Feb-2009,89,
OAH-5,09-Feb-2009,74,
OAH-6,09-Feb-2009,74,
OAH-7,09-Feb-2009,69,
OAH-8,09-Feb-2009,58,
OAH-9,09-Feb-2009,58,
OAH-2,28-Jan-2009,58,
OAH-3,28-Jan-2009,71,
OAH-4,28-Jan-2009,80,
OAH-5,28-Jan-2009,61,
OAH-6,28-Jan-2009,55,
OAH-7,28-Jan-2009,58,
OAH-8,28-Jan-2009,58,
OAH-9,28-Jan-2009,56,
OAH-2,23-Jan-2009,56,
OAH-3,23-Jan-2009,68,
OAH-4,23-Jan-2009,74,
OAH-5,23-Jan-2009,63,
OAH-6,23-Jan-2009,55,
OAH-7,23-Jan-2009,59,
OAH-8,23-Jan-2009,59,
OAH-9,23-Jan-2009,54,
OAH-1,14-Jan-2009,55,
OAH-2,14-Jan-2009,64,
OAH-3,14-Jan-2009,71,
OAH-4,14-Jan-2009,71,
OAH-5,14-Jan-2009,62,
OAH-6,14-Jan-2009,55,
OAH-7,14-Jan-2009,46,
OAH-8,14-Jan-2009,51,
OAH-9,14-Jan-2009,51,
OAH-2,28-Dec-2008,60,
OAH-3,28-Dec-2008,67,
OAH-4,28-Dec-2008,57,
OAH-5,28-Dec-2008,54,
OAH-6,28-Dec-2008,46,
OAH-7,28-Dec-2008,46,
OAH-8,28-Dec-2008,47,
OAH-9,28-Dec-2008,47,
OAH-2,13-Dec-2008,44,
OAH-3,13-Dec-2008,54,
OAH-4,13-Dec-2008,66,
OAH-5,13-Dec-2008,56,
OAH-6,13-Dec-2008,43,
OAH-7,13-Dec-2008,41,
OAH-8,13-Dec-2008,41,
OAH-9,13-Dec-2008,38,
OAH-2,10-Dec-2008,44,
OAH-3,10-Dec-2008,54,
OAH-4,10-Dec-2008,66,
OAH-5,10-Dec-2008,56,
OAH-2,29-Nov-2008,47,
OAH-3,29-Nov-2008,51,
OAH-4,29-Nov-2008,49,
OAH-5,29-Nov-2008,49,
OAH-6,29-Nov-2008,44,
OAH-7,29-Nov-2008,37,
OAH-8,29-Nov-2008,35,
OAH-9,29-Nov-2008,35,
OAH-2,23-Nov-2008,42,
OAH-3,23-Nov-2008,55,
OAH-4,23-Nov-2008,45,
OAH-5,23-Nov-2008,45,
OAH-6,23-Nov-2008,39,
OAH-7,23-Nov-2008,34,
OAH-8,23-Nov-2008,34,
OAH-9,23-Nov-2008,34,
OAH-2,28-Mar-2008,43,
OAH-3,28-Mar-2008,68,
OAH-4,28-Mar-2008,65,
OAH-5,28-Mar-2008,31,
OAH-6,28-Mar-2008,35,
OAH-7,28-Mar-2008,35,
OAH-8,28-Mar-2008,39,
OAH-9,28-Mar-2008,39,
OAH-2,28-Feb-2008,56,
OAH-3,28-Feb-2008,48,
OAH-4,28-Feb-2008,66,
OAH-5,28-Feb-2008,66,
OAH-6,28-Feb-2008,32,
OAH-7,28-Feb-2008,31,
OAH-8,28-Feb-2008,31,
OAH-9,28-Feb-2008,33,
OAH-3,13-Feb-2008,69,
OAH-4,13-Feb-2008,65,
OAH-5,13-Feb-2008,65,
OAH-6,13-Feb-2008,35,
OAH-7,13-Feb-2008,29,
OAH-8,13-Feb-2008,29,
OAH-9,13-Feb-2008,34,
OAH-2,11-Feb-2008,43,
OAH-3,11-Feb-2008,57,
OAH-4,11-Feb-2008,57,
OAH-5,11-Feb-2008,29,
OAH-6,11-Feb-2008,29,
OAH-7,11-Feb-2008,25,
OAH-8,11-Feb-2008,25,
OAH-9,11-Feb-2008,29,
OAH-2,07-Feb-2008,40,
OAH-3,07-Feb-2008,52,
OAH-4,07-Feb-2008,48,
OAH-5,07-Feb-2008,28,
OAH-6,07-Feb-2008,28,
OAH-7,07-Feb-2008,22,
OAH-8,07-Feb-2008,22,
OAH-9,07-Feb-2008,27,
OAH-2,30-Jan-2008,41,
OAH-3,30-Jan-2008,55,
OAH-4,30-Jan-2008,57,
OAH-5,30-Jan-2008,26,
OAH-6,30-Jan-2008,26,
OAH-7,30-Jan-2008,21,
OAH-8,30-Jan-2008,21,
OAH-9,30-Jan-2008,28,
OAH-2,27-Jan-2008,42,
OAH-3,27-Jan-2008,51,
OAH-4,27-Jan-2008,55,
OAH-5,27-Jan-2008,27,
OAH-6,27-Jan-2008,27,
OAH-7,27-Jan-2008,22,
OAH-8,27-Jan-2008,22,
OAH-9,27-Jan-2008,29,
OAH-2,20-Jan-2008,50,
OAH-3,20-Jan-2008,73,
OAH-4,20-Jan-2008,57,
OAH-5,20-Jan-2008,57,
OAH-6,20-Jan-2008,28,
OAH-7,20-Jan-2008,25,
OAH-8,20-Jan-2008,30,
OAH-9,20-Jan-2008,30,
OAH-2,05-Jan-2008,39,
OAH-3,05-Jan-2008,66,
OAH-4,05-Jan-2008,65,
OAH-5,05-Jan-2008,33,
OAH-6,05-Jan-2008,33,
OAH-7,05-Jan-2008,25,
OAH-8,05-Jan-2008,25,
OAH-9,05-Jan-2008,28,
OAH-2,21-Dec-2007,39,
OAH-3,21-Dec-2007,62,
OAH-4,21-Dec-2007,50,
OAH-5,21-Dec-2007,50,
OAH-6,21-Dec-2007,28,
OAH-7,21-Dec-2007,21,
OAH-8,21-Dec-2007,21,
OAH-9,21-Dec-2007,23,
OAH-1,18-Nov-2007,18,
OAH-2,18-Nov-2007,18,
OAH-3,18-Nov-2007,54,
OAH-4,18-Nov-2007,38,
OAH-5,18-Nov-2007,38,
OAH-6,18-Nov-2007,16,
OAH-7,18-Nov-2007,11,
OAH-2,14-Oct-2007,7,
OAH-3,14-Oct-2007,25,
OAH-1,18-Mar-2007,70,
OAH-2,18-Mar-2007,80,
OAH-3,18-Mar-2007,121,
OAH-4,18-Mar-2007,118,
OAH-5,18-Mar-2007,118,
OAH-6,18-Mar-2007,81,
OAH-7,18-Mar-2007,72,
OAH-8,18-Mar-2007,72,
OAH-9,18-Mar-2007,78,
OAH-1,10-Mar-2007,66,
OAH-2,10-Mar-2007,76,
OAH-3,10-Mar-2007,115,
OAH-4,10-Mar-2007,110,
OAH-5,10-Mar-2007,110,
OAH-6,10-Mar-2007,77,
OAH-7,10-Mar-2007,74,
OAH-8,10-Mar-2007,74,
OAH-9,10-Mar-2007,73,
OAH-1,25-Feb-2007,64,
OAH-2,25-Feb-2007,74,
OAH-3,25-Feb-2007,110,
OAH-4,25-Feb-2007,98,
OAH-5,25-Feb-2007,98,
OAH-6,25-Feb-2007,76,
OAH-7,25-Feb-2007,64,
OAH-8,25-Feb-2007,64,
OAH-9,25-Feb-2007,67,
OAH-1,09-Feb-2007,66,
OAH-2,09-Feb-2007,76,
OAH-3,09-Feb-2007,94,
OAH-4,09-Feb-2007,100,
OAH-5,09-Feb-2007,100,
OAH-6,09-Feb-2007,61,
OAH-7,09-Feb-2007,61,
OAH-8,09-Feb-2007,61,
OAH-9,09-Feb-2007,54,
OAH-1,28-Jan-2007,58,
OAH-2,28-Jan-2007,68,
OAH-3,28-Jan-2007,90,
OAH-4,28-Jan-2007,93,
OAH-5,28-Jan-2007,93,
OAH-6,28-Jan-2007,70,
OAH-7,28-Jan-2007,55,
OAH-8,28-Jan-2007,61,
OAH-9,28-Jan-2007,55,
OAH-2,23-Jan-2007,72,
OAH-3,23-Jan-2007,79,
OAH-4,23-Jan-2007,79,
OAH-4,23-Jan-2007,62,
OAH-1,12-Jan-2007,73,
OAH-2,12-Jan-2007,83,
OAH-3,12-Jan-2007,84,
OAH-4,12-Jan-2007,83,
OAH-5,12-Jan-2007,83,
OAH-6,12-Jan-2007,52,
OAH-7,12-Jan-2007,52,
OAH-8,12-Jan-2007,52,
OAH-9,12-Jan-2007,53,
OAH-1,11-Jan-2007,58,
OAH-2,11-Jan-2007,68,
OAH-3,11-Jan-2007,92,
OAH-4,11-Jan-2007,92,
OAH-5,11-Jan-2007,92,
OAH-6,11-Jan-2007,54,
OAH-7,11-Jan-2007,40,
OAH-8,11-Jan-2007,55,
OAH-9,11-Jan-2007,55,
OAH-1,07-Jan-2007,71,
OAH-2,07-Jan-2007,81,
OAH-3,07-Jan-2007,86,
OAH-4,07-Jan-2007,76,
OAH-5,07-Jan-2007,76,
OAH-1,03-Jan-2007,59,
OAH-2,03-Jan-2007,69,
OAH-3,03-Jan-2007,89,
OAH-4,03-Jan-2007,86,
OAH-5,03-Jan-2007,86,
OAH-6,03-Jan-2007,86,
OAH-7,03-Jan-2007,57,
OAH-8,03-Jan-2007,57,
OAH-9,03-Jan-2007,55,
OAH-1,26-Dec-2006,65,
OAH-2,26-Dec-2006,75,
OAH-3,26-Dec-2006,83,
OAH-4,26-Dec-2006,68,
OAH-5,26-Dec-2006,48,
OAH-6,26-Dec-2006,48,
OAH-7,26-Dec-2006,44,
OAH-8,26-Dec-2006,44,
OAH-9,26-Dec-2006,40,
OAH-2,22-Dec-2006,65,
OAH-2,22-Dec-2006,75,
OAH-3,22-Dec-2006,83,
OAH-4,22-Dec-2006,79,
OAH-5,22-Dec-2006,79,
OAH-6,22-Dec-2006,57,
OAH-7,22-Dec-2006,49,
OAH-8,22-Dec-2006,49,
OAH-9,22-Dec-2006,49,
OAH-2,17-Dec-2006,42,
OAH-2,17-Dec-2006,42,
OAH-3,17-Dec-2006,69,
OAH-4,17-Dec-2006,65,
OAH-5,17-Dec-2006,65,
OAH-6,17-Dec-2006,44,
OAH-7,17-Dec-2006,47,
OAH-8,17-Dec-2006,47,
OAH-9,17-Dec-2006,34,
OAH-1,09-Dec-2006,47,
OAH-2,09-Dec-2006,57,
OAH-3,09-Dec-2006,64,
OAH-4,09-Dec-2006,64,
OAH-5,09-Dec-2006,64,
OAH-6,09-Dec-2006,45,
OAH-7,09-Dec-2006,40,
OAH-8,09-Dec-2006,33,
OAH-9,09-Dec-2006,33,
OAH-1,05-Dec-2006,40,
OAH-2,05-Dec-2006,79,
OAH-3,05-Dec-2006,70,
OAH-4,05-Dec-2006,64,
OAH-5,05-Dec-2006,64,
OAH-6,05-Dec-2006,39,
OAH-7,05-Dec-2006,39,
OAH-8,05-Dec-2006,39,
OAH-9,05-Dec-2006,36,
OAH-1,21-Nov-2006,46,
OAH-2,21-Nov-2006,46,
OAH-3,21-Nov-2006,60,
OAH-4,21-Nov-2006,60,
OAH-5,21-Nov-2006,60,
OAH-6,21-Nov-2006,39,
OAH-7,21-Nov-2006,35,
OAH-8,21-Nov-2006,30,
OAH-9,21-Nov-2006,25,
OAH-1,11-Mar-2006,86,
OAH-2,11-Mar-2006,86,
OAH-3,11-Mar-2006,110,
OAH-4,11-Mar-2006,112,
OAH-5,11-Mar-2006,112,
OAH-6,11-Mar-2006,77,
OAH-7,11-Mar-2006,72,
OAH-8,11-Mar-2006,72,
OAH-9,11-Mar-2006,63,
OAH-2,24-Feb-2006,76,
OAH-3,24-Feb-2006,101,
OAH-4,24-Feb-2006,102,
OAH-5,24-Feb-2006,71,
OAH-6,24-Feb-2006,75,
OAH-7,24-Feb-2006,75,
OAH-8,24-Feb-2006,75,
OAH-9,24-Feb-2006,60,
OAH-1,16-Feb-2006,63,
OAH-2,16-Feb-2006,63,
OAH-3,16-Feb-2006,100,
OAH-4,16-Feb-2006,96,
OAH-5,16-Feb-2006,62,
OAH-6,16-Feb-2006,62,
OAH-7,16-Feb-2006,62,
OAH-8,16-Feb-2006,51,
OAH-9,16-Feb-2006,51,
OAH-1,03-Feb-2006,56,
OAH-2,03-Feb-2006,56,
OAH-3,03-Feb-2006,77,
OAH-4,03-Feb-2006,105,
OAH-5,03-Feb-2006,105,
OAH-6,03-Feb-2006,84,
OAH-7,03-Feb-2006,84,
OAH-8,03-Feb-2006,51,
OAH-9,03-Feb-2006,51,
OAH-1,27-Jan-2006,55,
OAH-2,27-Jan-2006,55,
OAH-3,27-Jan-2006,77,
OAH-4,27-Jan-2006,91,
OAH-5,27-Jan-2006,60,
OAH-6,27-Jan-2006,60,
OAH-7,27-Jan-2006,57,
OAH-8,27-Jan-2006,47,
OAH-9,27-Jan-2006,47,
OAH-2,07-Jan-2006,54,
OAH-3,07-Jan-2006,74,
OAH-4,07-Jan-2006,80,
OAH-5,07-Jan-2006,65,
OAH-6,07-Jan-2006,65,
OAH-7,07-Jan-2006,56,
OAH-8,07-Jan-2006,43,
OAH-9,07-Jan-2006,43,
OAH-2,11-Dec-2005,88,
OAH-3,11-Dec-2005,89,
OAH-4,11-Dec-2005,85,
OAH-5,11-Dec-2005,85,
OAH-6,11-Dec-2005,52,
OAH-7,11-Dec-2005,52,
OAH-8,11-Dec-2005,44,
OAH-9,11-Dec-2005,44,
OAH-2,25-Mar-2005,78,
OAH-3,25-Mar-2005,97,
OAH-4,25-Mar-2005,98,
OAH-5,25-Mar-2005,58,
OAH-6,25-Mar-2005,63,
OAH-7,25-Mar-2005,63,
OAH-8,25-Mar-2005,63,
OAH-9,25-Mar-2005,62,
OAH-1,26-Feb-2005,67,
OAH-2,26-Feb-2005,70,
OAH-3,26-Feb-2005,88,
OAH-4,26-Feb-2005,92,
OAH-5,26-Feb-2005,92,
OAH-6,26-Feb-2005,92,
OAH-7,26-Feb-2005,60,
OAH-8,26-Feb-2005,60,
OAH-9,26-Feb-2005,59,
OAH-1,19-Feb-2005,63,
OAH-2,19-Feb-2005,63,
OAH-3,19-Feb-2005,81,
OAH-4,19-Feb-2005,79,
OAH-5,19-Feb-2005,59,
OAH-6,19-Feb-2005,59,
OAH-7,19-Feb-2005,57,
OAH-8,19-Feb-2005,57,
OAH-9,19-Feb-2005,54,
OAH-1,02-Feb-2005,63,
OAH-2,02-Feb-2005,63,
OAH-3,02-Feb-2005,79,
OAH-4,02-Feb-2005,78,
OAH-5,02-Feb-2005,78,
OAH-6,02-Feb-2005,78,
OAH-7,02-Feb-2005,54,
OAH-8,02-Feb-2005,54,
OAH-9,02-Feb-2005,50,
OAH-1,24-Jan-2005,50,
OAH-2,24-Jan-2005,50,
OAH-3,24-Jan-2005,74,
OAH-4,24-Jan-2005,74,
OAH-5,24-Jan-2005,74,
OAH-6,24-Jan-2005,74,
OAH-7,24-Jan-2005,49,
OAH-8,24-Jan-2005,49,
OAH-8,24-Jan-2005,49,
OAH-9,24-Jan-2005,42,
OAH-1,01-Jan-2005,45,
OAH-2,01-Jan-2005,45,
OAH-3,01-Jan-2005,61,
OAH-4,01-Jan-2005,64,
OAH-5,01-Jan-2005,64,
OAH-6,01-Jan-2005,45,
OAH-7,01-Jan-2005,44,
OAH-8,01-Jan-2005,44,
OAH-9,01-Jan-2005,44,
OAH-2,27-Dec-2004,42,
OAH-3,27-Dec-2004,53,
OAH-4,27-Dec-2004,58,
OAH-5,27-Dec-2004,58,
OAH-6,27-Dec-2004,58,
OAH-7,27-Dec-2004,42,
OAH-8,27-Dec-2004,42,
OAH-9,27-Dec-2004,39,
OAH-2,14-Dec-2004,37,
OAH-3,14-Dec-2004,50,
OAH-3,14-Dec-2004,50,
OAH-4,14-Dec-2004,58,
OAH-5,14-Dec-2004,58,
OAH-6,14-Dec-2004,45,
OAH-7,14-Dec-2004,40,
OAH-8,14-Dec-2004,40,
OAH-9,14-Dec-2004,33,
OAH-2,07-Dec-2004,36,
OAH-3,07-Dec-2004,40,
OAH-4,07-Dec-2004,42,
OAH-5,07-Dec-2004,33,
OAH-6,07-Dec-2004,33,
OAH-7,07-Dec-2004,33,
OAH-8,07-Dec-2004,33,
OAH-9,07-Dec-2004,31,
OAH-2,23-Nov-2004,39,
OAH-3,23-Nov-2004,48,
OAH-4,23-Nov-2004,43,
OAH-5,23-Nov-2004,43,
OAH-6,23-Nov-2004,30,
OAH-7,23-Nov-2004,33,
OAH-8,23-Nov-2004,33,
OAH-9,23-Nov-2004,33,
OAH-2,07-Nov-2004,37,
OAH-3,07-Nov-2004,38,
OAH-4,07-Nov-2004,42,
OAH-5,07-Nov-2004,42,
OAH-6,07-Nov-2004,30,
OAH-7,07-Nov-2004,30,
OAH-8,07-Nov-2004,33,
OAH-9,07-Nov-2004,33,
OAH-2,27-Mar-2004,94,
OAH-3,27-Mar-2004,94,
OAH-4,27-Mar-2004,105,
OAH-5,27-Mar-2004,105,
OAH-6,27-Mar-2004,81,
OAH-7,27-Mar-2004,77,
OAH-8,27-Mar-2004,77,
OAH-9,27-Mar-2004,73,
OAH-1,18-Mar-2004,72,
OAH-2,18-Mar-2004,93,
OAH-3,18-Mar-2004,93,
OAH-4,18-Mar-2004,101,
OAH-5,18-Mar-2004,101,
OAH-6,18-Mar-2004,78,
OAH-7,18-Mar-2004,78,
OAH-8,18-Mar-2004,80,
OAH-9,18-Mar-2004,81,
OAH-1,12-Mar-2004,93,
OAH-2,12-Mar-2004,93,
OAH-3,12-Mar-2004,98,
OAH-4,12-Mar-2004,101,
OAH-5,12-Mar-2004,101,
OAH-6,12-Mar-2004,81,
OAH-7,12-Mar-2004,81,
OAH-8,12-Mar-2004,77,
OAH-9,12-Mar-2004,77,
OAH-1,05-Mar-2004,75,
OAH-2,05-Mar-2004,88,
OAH-3,05-Mar-2004,98,
OAH-4,05-Mar-2004,101,
OAH-5,05-Mar-2004,101,
OAH-6,05-Mar-2004,91,
OAH-7,05-Mar-2004,91,
OAH-8,05-Mar-2004,75,
OAH-9,05-Mar-2004,75,
OAH-1,13-Feb-2004,78,
OAH-2,13-Feb-2004,93,
OAH-3,13-Feb-2004,111,
OAH-4,13-Feb-2004,135,
OAH-5,13-Feb-2004,135,
OAH-6,13-Feb-2004,88,
OAH-7,13-Feb-2004,120,
OAH-8,13-Feb-2004,79,
OAH-9,13-Feb-2004,79,
OAH-2,31-Jan-2004,92,
OAH-3,31-Jan-2004,87,
OAH-4,31-Jan-2004,87,
OAH-5,31-Jan-2004,88,
OAH-6,31-Jan-2004,88,
OAH-7,31-Jan-2004,98,
OAH-8,31-Jan-2004,60,
OAH-9,31-Jan-2004,60,
OAH-2,11-Jan-2004,70,
OAH-3,11-Jan-2004,85,
OAH-4,11-Jan-2004,64,
OAH-5,11-Jan-2004,64,
OAH-6,11-Jan-2004,64,
OAH-7,11-Jan-2004,55,
OAH-8,11-Jan-2004,55,
OAH-9,11-Jan-2004,55,
OAH-1,07-Dec-2003,60,
OAH-2,07-Dec-2003,62,
OAH-3,07-Dec-2003,62,
OAH-4,07-Dec-2003,68,
OAH-5,07-Dec-2003,55,
OAH-6,07-Dec-2003,55,
OAH-7,07-Dec-2003,55,
OAH-8,07-Dec-2003,50,
OAH-9,07-Dec-2003,46,
OAH-1,04-Dec-2003,35,
OAH-2,04-Dec-2003,45,
OAH-3,04-Dec-2003,65,
OAH-4,04-Dec-2003,84,
OAH-5,04-Dec-2003,84,
OAH-6,04-Dec-2003,63,
OAH-7,04-Dec-2003,63,
OAH-8,04-Dec-2003,60,
OAH-9,04-Dec-2003,60,
OAH-2,28-Nov-2003,31,
OAH-3,28-Nov-2003,42,
OAH-4,28-Nov-2003,37,
OAH-5,28-Nov-2003,37,
OAH-6,28-Nov-2003,28,
OAH-7,28-Nov-2003,28,
OAH-8,28-Nov-2003,23,
OAH-9,28-Nov-2003,23,
OAH-2,21-Nov-2003,14,
OAH-3,21-Nov-2003,14,
OAH-4,21-Nov-2003,35,
OAH-5,21-Nov-2003,35,
OAH-6,21-Nov-2003,28,
OAH-7,21-Nov-2003,28,
OAH-8,21-Nov-2003,28,
OAH-9,21-Nov-2003,20,
OAH-1,03-Apr-2003,62,
OAH-2,03-Apr-2003,62,
OAH-3,03-Apr-2003,82,
OAH-4,03-Apr-2003,82,
OAH-5,03-Apr-2003,73,
OAH-6,03-Apr-2003,54,
OAH-7,03-Apr-2003,54,
OAH-8,03-Apr-2003,54,
OAH-9,03-Apr-2003,41,
OAH-1,20-Mar-2003,47,
OAH-2,20-Mar-2003,47,
OAH-3,20-Mar-2003,68,
OAH-4,20-Mar-2003,73,
OAH-5,20-Mar-2003,72,
OAH-6,20-Mar-2003,42,
OAH-7,20-Mar-2003,42,
OAH-8,20-Mar-2003,42,
OAH-9,20-Mar-2003,37,
OAH-1,16-Mar-2003,48,
OAH-2,16-Mar-2003,48,
OAH-3,16-Mar-2003,73,
OAH-4,16-Mar-2003,73,
OAH-5,16-Mar-2003,77,
OAH-6,16-Mar-2003,43,
OAH-7,16-Mar-2003,43,
OAH-8,16-Mar-2003,43,
OAH-9,16-Mar-2003,39,
OAH-1,18-Feb-2003,51,
OAH-2,18-Feb-2003,51,
OAH-3,18-Feb-2003,55,
OAH-4,18-Feb-2003,55,
OAH-5,18-Feb-2003,56,
OAH-6,18-Feb-2003,32,
OAH-7,18-Feb-2003,32,
OAH-8,18-Feb-2003,32,
OAH-9,18-Feb-2003,30,
OAH-1,22-Jan-2003,31,
OAH-2,22-Jan-2003,31,
OAH-3,22-Jan-2003,43,
OAH-4,22-Jan-2003,43,
OAH-5,22-Jan-2003,55,
OAH-6,22-Jan-2003,28,
OAH-7,22-Jan-2003,28,
OAH-8,22-Jan-2003,28,
OAH-9,22-Jan-2003,30,
OAH-1,10-Jan-2003,35,
OAH-2,10-Jan-2003,55,
OAH-3,10-Jan-2003,52,
OAH-4,10-Jan-2003,52,
OAH-5,10-Jan-2003,45,
OAH-6,10-Jan-2003,33,
OAH-7,10-Jan-2003,33,
OAH-8,10-Jan-2003,33,
OAH-9,10-Jan-2003,31,
OAH-1,08-Jan-2003,35,
OAH-2,08-Jan-2003,55,
OAH-3,08-Jan-2003,52,
OAH-4,08-Jan-2003,52,
OAH-5,08-Jan-2003,45,
OAH-6,08-Jan-2003,33,
OAH-7,08-Jan-2003,33,
OAH-8,08-Jan-2003,33,
OAH-9,08-Jan-2003,31,
OAH-1,27-Dec-2002,18,
OAH-2,27-Dec-2002,18,
OAH-3,27-Dec-2002,37,
OAH-4,27-Dec-2002,41,
OAH-5,27-Dec-2002,44,
OAH-6,27-Dec-2002,22,
OAH-7,27-Dec-2002,22,
OAH-8,27-Dec-2002,22,
OAH-9,27-Dec-2002,23,
OAH-1,21-Dec-2002,15,
OAH-2,21-Dec-2002,15,
OAH-3,21-Dec-2002,29,
OAH-4,21-Dec-2002,38,
OAH-5,21-Dec-2002,38,
OAH-6,21-Dec-2002,20,
OAH-7,21-Dec-2002,20,
OAH-8,21-Dec-2002,20,
OAH-9,21-Dec-2002,15,
OAH-2,18-Dec-2002,15,
OAH-3,18-Dec-2002,38,
OAH-4,18-Dec-2002,38,
OAH-5,18-Dec-2002,38,
OAH-6,18-Dec-2002,20,
OAH-7,18-Dec-2002,20,
OAH-8,18-Dec-2002,20,
OAH-9,18-Dec-2002,15,
OAH-2,11-Dec-2002,14,
OAH-3,11-Dec-2002,12,
OAH-4,11-Dec-2002,25,
OAH-5,11-Dec-2002,19,
OAH-6,11-Dec-2002,11,
OAH-7,11-Dec-2002,11,
OAH-8,11-Dec-2002,11,
OAH-9,11-Dec-2002,10,
OAH-1,24-Feb-2002,70,
OAH-2,24-Feb-2002,83,
OAH-3,24-Feb-2002,76,
OAH-4,24-Feb-2002,76,
OAH-5,24-Feb-2002,60,
OAH-6,24-Feb-2002,57,
OAH-7,24-Feb-2002,57,
OAH-8,24-Feb-2002,57,
OAH-9,24-Feb-2002,58,
OAH-1,15-Feb-2002,60,
OAH-2,15-Feb-2002,71,
OAH-3,15-Feb-2002,71,
OAH-4,15-Feb-2002,71,
OAH-5,15-Feb-2002,71,
OAH-6,15-Feb-2002,56,
OAH-7,15-Feb-2002,56,
OAH-8,15-Feb-2002,56,
OAH-9,15-Feb-2002,51,
OAH-1,26-Jan-2002,60,
OAH-2,26-Jan-2002,73,
OAH-3,26-Jan-2002,71,
OAH-4,26-Jan-2002,67,
OAH-5,26-Jan-2002,67,
OAH-6,26-Jan-2002,47,
OAH-7,26-Jan-2002,47,
OAH-8,26-Jan-2002,47,
OAH-9,26-Jan-2002,44,
OAH-1,13-Jan-2002,65,
OAH-2,13-Jan-2002,81,
OAH-3,13-Jan-2002,72,
OAH-4,13-Jan-2002,67,
OAH-5,13-Jan-2002,55,
OAH-6,13-Jan-2002,51,
OAH-7,13-Jan-2002,51,
OAH-8,13-Jan-2002,51,
OAH-9,13-Jan-2002,46,
OAH-1,12-Dec-2001,30,
OAH-2,12-Dec-2001,41,
OAH-3,12-Dec-2001,35,
OAH-4,12-Dec-2001,45,
OAH-5,12-Dec-2001,45,
OAH-6,12-Dec-2001,33,
OAH-7,12-Dec-2001,33,
OAH-8,12-Dec-2001,33,
OAH-9,12-Dec-2001,33,
OAH-2,02-Dec-2001,43,
OAH-3,02-Dec-2001,34,
OAH-4,02-Dec-2001,43,
OAH-5,02-Dec-2001,34,
OAH-6,02-Dec-2001,30,
OAH-7,02-Dec-2001,30,
OAH-8,02-Dec-2001,30,
OAH-9,02-Dec-2001,29,
OAH-2,26-Nov-2001,40,
OAH-3,26-Nov-2001,40,
OAH-4,26-Nov-2001,40,
OAH-5,26-Nov-2001,40,
OAH-6,26-Nov-2001,31,
OAH-7,26-Nov-2001,31,
OAH-8,26-Nov-2001,31,
OAH-9,26-Nov-2001,25,
OAH-1,17-Nov-2001,29,
OAH-2,17-Nov-2001,29,
OAH-3,17-Nov-2001,37,
OAH-4,17-Nov-2001,39,
OAH-5,17-Nov-2001,39,
OAH-6,17-Nov-2001,32,
OAH-7,17-Nov-2001,32,
OAH-8,17-Nov-2001,32,
OAH-9,17-Nov-2001,31,
OAH-3,05-Nov-2001,37,
OAH-4,05-Nov-2001,37,
OAH-5,05-Nov-2001,37,
OAH-6,05-Nov-2001,30,
OAH-7,05-Nov-2001,30,
OAH-8,05-Nov-2001,30,
OAH-9,05-Nov-2001,29,
OAH-1,31-Oct-2001,18,
OAH-2,31-Oct-2001,27,
OAH-3,31-Oct-2001,30,
OAH-4,31-Oct-2001,31,
OAH-5,31-Oct-2001,31,
OAH-6,31-Oct-2001,21,
OAH-7,31-Oct-2001,24,
OAH-8,31-Oct-2001,24,
OAH-9,31-Oct-2001,21,
OAH-1,15-Oct-2001,10,
OAH-2,15-Oct-2001,10,
OAH-3,15-Oct-2001,10,
OAH-4,15-Oct-2001,10,
OAH-5,15-Oct-2001,10,
OAH-6,15-Oct-2001,10,
OAH-2,02-Apr-2001,105,
OAH-3,02-Apr-2001,96,
OAH-4,02-Apr-2001,102,
OAH-5,02-Apr-2001,102,
OAH-6,02-Apr-2001,49,
OAH-7,02-Apr-2001,49,
OAH-8,02-Apr-2001,63,
OAH-9,02-Apr-2001,63,
OAH-2,02-Mar-2001,92,
OAH-3,02-Mar-2001,106,
OAH-4,02-Mar-2001,107,
OAH-5,02-Mar-2001,107,
OAH-6,02-Mar-2001,69,
OAH-7,02-Mar-2001,69,
OAH-8,02-Mar-2001,69,
OAH-9,02-Mar-2001,66,
OAH-2,23-Feb-2001,77,
OAH-3,23-Feb-2001,75,
OAH-4,23-Feb-2001,79,
OAH-5,23-Feb-2001,47,
OAH-6,23-Feb-2001,51,
OAH-7,23-Feb-2001,51,
OAH-8,23-Feb-2001,51,
OAH-9,23-Feb-2001,51,
OAH-2,16-Feb-2001,73,
OAH-3,16-Feb-2001,73,
OAH-4,16-Feb-2001,77,
OAH-5,16-Feb-2001,77,
OAH-6,16-Feb-2001,56,
OAH-7,16-Feb-2001,56,
OAH-8,16-Feb-2001,56,
OAH-9,16-Feb-2001,56,
OAH-2,03-Feb-2001,70,
OAH-3,03-Feb-2001,72,
OAH-4,03-Feb-2001,75,
OAH-5,03-Feb-2001,75,
OAH-6,03-Feb-2001,50,
OAH-7,03-Feb-2001,50,
OAH-8,03-Feb-2001,50,
OAH-9,03-Feb-2001,50,
OAH-2,25-Jan-2001,68,
OAH-3,25-Jan-2001,71,
OAH-4,25-Jan-2001,75,
OAH-5,25-Jan-2001,75,
OAH-6,25-Jan-2001,51,
OAH-7,25-Jan-2001,51,
OAH-8,25-Jan-2001,51,
OAH-9,25-Jan-2001,53,
OAH-2,21-Jan-2001,69,
OAH-3,21-Jan-2001,69,
OAH-4,21-Jan-2001,69,
OAH-5,21-Jan-2001,45,
OAH-6,21-Jan-2001,49,
OAH-7,21-Jan-2001,49,
OAH-8,21-Jan-2001,49,
OAH-9,21-Jan-2001,49,
OAH-2,20-Jan-2001,66,
OAH-3,20-Jan-2001,69,
OAH-4,20-Jan-2001,72,
OAH-5,20-Jan-2001,72,
OAH-6,20-Jan-2001,49,
OAH-7,20-Jan-2001,49,
OAH-8,20-Jan-2001,49,
OAH-9,20-Jan-2001,48,
OAH-2,16-Jan-2001,64,
OAH-3,16-Jan-2001,67,
OAH-4,16-Jan-2001,71,
OAH-5,16-Jan-2001,71,
OAH-6,16-Jan-2001,47,
OAH-7,16-Jan-2001,47,
OAH-8,16-Jan-2001,47,
OAH-9,16-Jan-2001,47,
OAH-2,13-Jan-2001,68,
OAH-3,13-Jan-2001,67,
OAH-4,13-Jan-2001,64,
OAH-5,13-Jan-2001,64,
OAH-6,13-Jan-2001,48,
OAH-7,13-Jan-2001,48,
OAH-8,13-Jan-2001,48,
OAH-9,13-Jan-2001,49,
OAH-1,11-Jan-2001,55,
OAH-2,11-Jan-2001,55,
OAH-3,11-Jan-2001,63,
OAH-4,11-Jan-2001,76,
OAH-5,11-Jan-2001,45,
OAH-2,02-Jan-2001,58,
OAH-3,02-Jan-2001,61,
OAH-4,02-Jan-2001,71,
OAH-5,02-Jan-2001,71,
OAH-6,02-Jan-2001,71,
OAH-7,02-Jan-2001,71,
OAH-9,02-Jan-2001,46,
OAH-2,27-Dec-2000,50,
OAH-3,27-Dec-2000,50,
OAH-4,27-Dec-2000,60,
OAH-5,27-Dec-2000,60,
OAH-6,27-Dec-2000,34,
OAH-7,27-Dec-2000,40,
OAH-8,27-Dec-2000,40,
OAH-9,27-Dec-2000,40,
OAH-2,20-Dec-2000,46,
OAH-3,20-Dec-2000,46,
OAH-4,20-Dec-2000,51,
OAH-5,20-Dec-2000,51,
OAH-6,20-Dec-2000,38,
OAH-7,20-Dec-2000,38,
OAH-8,20-Dec-2000,38,
OAH-9,20-Dec-2000,38,
OAH-1,13-Dec-2000,44,
OAH-2,13-Dec-2000,44,
OAH-3,13-Dec-2000,41,
OAH-4,13-Dec-2000,47,
OAH-5,13-Dec-2000,47,
OAH-6,13-Dec-2000,37,
OAH-7,13-Dec-2000,37,
OAH-8,13-Dec-2000,34,
OAH-9,13-Dec-2000,34,
OAH-1,10-Dec-2000,36,
OAH-2,10-Dec-2000,36,
OAH-3,10-Dec-2000,50,
OAH-4,10-Dec-2000,54,
OAH-5,10-Dec-2000,36,
OAH-6,10-Dec-2000,36,
OAH-7,10-Dec-2000,36,
OAH-8,10-Dec-2000,36,
OAH-9,10-Dec-2000,36,
OAH-1,09-Dec-2000,30,
OAH-2,09-Dec-2000,30,
OAH-3,09-Dec-2000,41,
OAH-4,09-Dec-2000,43,
OAH-5,09-Dec-2000,43,
OAH-6,09-Dec-2000,43,
OAH-7,09-Dec-2000,43,
OAH-8,09-Dec-2000,34,
OAH-9,09-Dec-2000,34,
OAH-1,25-Nov-2000,64,
OAH-2,25-Nov-2000,64,
OAH-3,25-Nov-2000,41,
OAH-4,25-Nov-2000,45,
OAH-5,25-Nov-2000,45,
OAH-6,25-Nov-2000,28,
OAH-7,25-Nov-2000,33,
OAH-8,25-Nov-2000,33,
OAH-9,25-Nov-2000,32,
OAH-1,23-Nov-2000,32,
OAH-2,23-Nov-2000,32,
OAH-3,23-Nov-2000,43,
OAH-4,23-Nov-2000,45,
OAH-5,23-Nov-2000,45,
OAH-6,23-Nov-2000,45,
OAH-7,23-Nov-2000,36,
OAH-8,23-Nov-2000,36,
OAH-9,23-Nov-2000,35,
OAH-2,22-Nov-1999,14,
OAH-3,22-Nov-1999,14,
OAH-4,22-Nov-1999,18,
OAH-5,22-Nov-1999,16,
OAH-6,22-Nov-1999,16,
OAH-7,22-Nov-1999,12,
OAH-8,22-Nov-1999,12,
OAH-9,22-Nov-1999,12,
OAH-2,22-Mar-1999,37,
OAH-3,22-Mar-1999,58,
OAH-4,22-Mar-1999,65,
OAH-5,22-Mar-1999,65,
OAH-6,22-Mar-1999,24,
OAH-7,22-Mar-1999,39,
OAH-8,22-Mar-1999,39,
OAH-9,22-Mar-1999,41,
OAH-2,13-Mar-1999,49,
OAH-3,13-Mar-1999,49,
OAH-4,13-Mar-1999,61,
OAH-5,13-Mar-1999,61,
OAH-6,13-Mar-1999,22,
OAH-7,13-Mar-1999,39,
OAH-8,13-Mar-1999,39,
OAH-9,13-Mar-1999,26,
OAH-2,23-Feb-1999,42,
OAH-3,23-Feb-1999,49,
OAH-4,23-Feb-1999,54,
OAH-5,23-Feb-1999,54,
OAH-5,23-Feb-1999,54,
OAH-2,12-Jan-1999,31,
OAH-3,12-Jan-1999,51,
OAH-4,12-Jan-1999,47,
OAH-5,12-Jan-1999,47,
OAH-6,12-Jan-1999,22,
OAH-7,12-Jan-1999,30,
OAH-8,12-Jan-1999,30,
OAH-9,12-Jan-1999,26,
OAH-2,20-Dec-1998,20,
OAH-3,20-Dec-1998,24,
OAH-4,20-Dec-1998,24,
OAH-5,20-Dec-1998,24,
OAH-6,20-Dec-1998,10,
OAH-7,20-Dec-1998,21,
OAH-8,20-Dec-1998,16,
OAH-9,20-Dec-1998,16,
OAH-2,06-Dec-1998,17,
OAH-3,06-Dec-1998,23,
OAH-4,06-Dec-1998,23,
OAH-4,06-Dec-1998,23,
OAH-2,04-Dec-1998,17,
OAH-3,04-Dec-1998,17,
OAH-2,21-Nov-1998,14,
OAH-3,21-Nov-1998,13,
OAH-4,21-Nov-1998,17,
OAH-5,21-Nov-1998,17,
OAH-6,21-Nov-1998,15,
OAH-5,14-Nov-1998,5,
OAH-6,14-Nov-1998,5,
OAH-7,14-Nov-1998,5,
OAH-8,14-Nov-1998,5,
OAH-9,14-Nov-1998,5,
OAH-2,13-Nov-1998,5,
OAH-3,13-Nov-1998,5,
