"","Bunny.ID","GRID","XYZ","Date.XYZ.On","XYZ.Schedule","Time.XYZ.On","GPS","Date.GPS.On","Time.GPS.On","GPS.Schedule","GPS.Delay","Frequency","Date.on.Bunny","Time.on.Bunny","Date.Off.Bunny","Time.off.Bunny","Date.GPS.OFF","Time.GPS.Off","GPS.Dump.","Date.XYZ.Off","SigA.Start","SigA.End","SigB.Start","SigB.End","Time.XYZ.Off","XYZ.Dump","Last.Record.Date","Notes","DateFile","FileName"
"1","22109","Kloo","BZ","20-May-18",1,"14:18:18",NA,NA,NA,NA,NA,149.29,"20-May-18","~18:00","25-Nov-18","22:40",NA,NA,NA,"27-Nov-18",NA,NA,NA,NA,"already off","Y","28-Jun-18","","Nov27_2018","Nov27_2018_BZ_22109_1.csv"
"2","23921","Kloo","HH","23-May-18",1,"14:03:05",NA,NA,NA,NA,NA,149.1,"23-May-18","~18:00","14-Nov-18","~22:30",NA,NA,NA,"23-Nov-18",NA,NA,NA,NA,"already off","","07-Aug-18","","Nov23_2018","Nov23_2018_HH_23921_1.csv"
"3","24553","Kloo","MZ","23-May-18",1,"14:03:13",NA,NA,NA,NA,NA,149.69,"23-May-18","~18:00","12-Aug-18","~14:00",NA,NA,NA,"05-Nov-18",NA,NA,NA,NA,"already off","Y","12-Aug-18","Axy worked great","Nov05_2018","Nov05_2018_MZ_24553_1.csv"
"4","24498","Kloo","JJ","23-May-18",1,"14:03:22",NA,NA,NA,NA,NA,149.79,"23-May-18","~18:00","21-Nov-18","~11:00",NA,NA,NA,"23-Nov-18",NA,NA,NA,NA,"already off","","09-Oct-18","Axy worked great","Nov23_2018","Nov23_2018_JJ_24498_1.csv"
"5","24521","Kloo","EA","23-May-18",1,"14:03:25",NA,NA,NA,NA,NA,149.22,"23-May-18","~18:00","02-Jul-18","~14:00",NA,NA,NA,"05-Nov-18",NA,NA,NA,NA,"already off","Y","28-Jul-18","Axy worked great","Nov05_2018","Nov05_2018_EA_24521_1.csv"
"6","22724","Kloo","HC Alb","24-May-18",1,"13:51:53",NA,NA,NA,NA,NA,149.81,"24-May-18","~18:00","28-Jul-18","~9:00",NA,NA,NA,"05-Nov-18",NA,NA,NA,NA,"already off","Y","11-Aug-18","Axy worked good","Nov05_2018","Nov05_2018_HC Alb_22724_1.csv"
"7","24335","Kloo","BU","24-May-18",1,"13:52:03",NA,NA,NA,NA,NA,171.895,"24-May-18","~18:00","21-Nov-18","11:15",NA,NA,NA,"23-Nov-18",NA,NA,NA,NA,"already off","Y","16-Jun-18","Axy did not last long, only 2 weeks","Nov23_2018","Nov23_2018_BU_24335_1.csv"
"8","24271","Kloo","HA","24-May-18",1,"15:34:22",NA,NA,NA,NA,NA,171.635,"24-May-18","~18:00","17-Nov-18","21:50",NA,NA,NA,"23-Nov-18",NA,NA,NA,NA,"already off","","07-Aug-18","Axy worked well","Nov23_2018","Nov23_2018_HA_24271_1.csv"
"9","25021","Jo","HD","24-May-18",1,"15:34:27",NA,NA,NA,NA,NA,171.135,"24-May-18","~18:00","18-Jan-19","22:58",NA,NA,NA,"18-Jan-19",NA,NA,NA,NA,"already off","","06-Aug-18","Axy worked well","Jan18_2019","Jan18_2019_HD_25021_1.csv"
"10","24579","Jo","EF","25-May-18",1,"16:41:26",NA,NA,NA,NA,NA,170.845,"25-May-18","~18:00","12-Nov-18","~16:00",NA,NA,NA,"23-Nov-18",NA,NA,NA,NA,"already off","","04-Aug-18","Axy worked well","Nov23_2018","Nov23_2018_EF_24579_1.csv"
"11","24653","Kloo","CF","27-May-18",1,"15:46:48",NA,NA,NA,NA,NA,149.439,"27-May-18","~18:00","13-Nov-18","22:01",NA,NA,NA,"23-Nov-18",NA,NA,NA,NA,"already off","","04-Aug-18","","Nov23_2018","Nov23_2018_CF_24653_1.csv"
"12","24688","Kloo","CG","27-May-18",1,"15:54:52",NA,NA,NA,NA,NA,149.49,"27-May-18","~18:00","15-Nov-18","21:00",NA,NA,NA,"23-Nov-18",NA,NA,NA,NA,"already off","","30-Jul-18","Axy worked well","Nov23_2018","Nov23_2018_CG_24688_1.csv"
"13","23717","Kloo","BX","28-May-18",1,"13:55:38",NA,NA,NA,NA,NA,149.39,"28-May-18","~18:00","20-Feb-19","5:00",NA,NA,NA,"20-Feb-19",NA,NA,NA,NA,"already off","","05-Jun-19","axy worked for only 8 days","Feb20_2019","Feb20_2019_BX_23717_1.csv"
"14","22847","Kloo","HF","30-May-18",1,"13:31:12",NA,NA,NA,NA,NA,149.159,"30-May-18","~18:00","21-Nov-18","12:05",NA,NA,NA,"23-Nov-18",NA,NA,NA,NA,"already off","","13-Aug-18","Axy worked well","Nov23_2018","Nov23_2018_HF_22847_1.csv"
"15","24194","ChadBear","BH","01-Jun-18",1,"14:32:30",NA,NA,NA,NA,NA,171.581,"01-Jun-18","~18:00","05-Dec-18","22:15",NA,NA,NA,"06-Dec-18",NA,NA,NA,NA,"already off","","19-Aug-18","Axy worked well","Dec06_2018","Dec06_2018_BH_24194_1.csv"
"16","22837","Kloo","BL","01-Jun-18",1,"14:32:34",NA,NA,NA,NA,NA,170.395,"01-Jun-18","~18:00","13-Nov-18","~21:00",NA,NA,NA,"23-Nov-18",NA,NA,NA,NA,"already off","","19-Aug-18","Axy worked well","Nov23_2018","Nov23_2018_BL_22837_1.csv"
"17","22837","Kloo","HC","20-Nov-18",1,"19:52:52","AR","20-Nov-18","19:54:42",30,NA,149.665,"21-Nov-18","11:30","17-Dec-18","~22:30","18-Dec-18","0:07","","17-Dec-18",NA,NA,NA,NA,"23:43","","17-Dec-18","Axy worked well","Dec17_2018","Dec17_2018_HC_22837_1.csv"
"18","24335","Kloo","MZ","20-Nov-18",1,"19:50:21","AF","20-Nov-18","19:57:37",30,NA,149.029,"21-Nov-18","11:15","15-Dec-18","23:15","16-Dec-18","0:54","","16-Dec-18",NA,NA,NA,NA,"0:47","","16-Dec-18","Axy worked well","Dec16_2018","Dec16_2018_MZ_24335_1.csv"
"19","25224","ChadBear","EA","20-Nov-18",1,"19:53:53","AI","20-Nov-18","19:59:25",30,NA,149.37,"21-Nov-18","~12:15","23-Nov-18","14:45","25-Nov-18","already off","Y","29-Nov-18",NA,NA,NA,NA,"10:21","","29-Nov-18","Axy worked well","Nov29_2018","Nov29_2018_EA_25224_1.csv"
"20","22847","Kloo","BO","20-Nov-18",1,"19:53:34","MG","20-Nov-18","19:57:21",30,NA,149.924,"21-Nov-18","12:05","04-Jan-19","22:30","04-Jan-19","already off",NA,"04-Jan-19",NA,NA,NA,NA,"already off","","31-Dec-18","Axy worked well","Jan04_2019","Jan04_2019_BO_22847_1.csv"
"21","23921","Kloo","ET","20-Nov-18",1,"19:53:22","AO","20-Nov-18","19:58:38",30,NA,149.547,"21-Nov-18","~10:30","13-Dec-18","12:35","13-Dec-18","12:35","Y","14-Dec-18",NA,NA,NA,NA,"10:31","","14-Dec-18","Axy worked well","Dec14_2018","Dec14_2018_ET_23921_1.csv"
"22","22109","Kloo","HB","20-Nov-18",1,"19:52:13","HA","20-Nov-18","19:54:48",30,NA,149.34,"25-Nov-18","22:40","17-Dec-18","22:55","18-Dec-18","0:17","","17-Dec-18",NA,NA,NA,NA,"23:45","","17-Dec-18","Axy worked well, but GPS didn't work","Dec17_2018","Dec17_2018_HB_22109_1.csv"
"23","25050","Kloo","HI","20-Nov-18",1,"19:48:40","MV","20-Nov-18","19:55:28",30,NA,149.32,"21-Nov-18","11:46","17-Dec-18","22:08","","","","17-Dec-18",NA,NA,NA,NA,"23:47","","17-Dec-18","Axy worked well, but GPS didn't work","Dec17_2018","Dec17_2018_HI_25050_1.csv"
"24","24653","Kloo","ZI","20-Nov-18",1,"19:51:47","NB","20-Nov-18","19:55:59",30,NA,149.814,"21-Nov-18","12:15","17-Dec-18","21:55","","","","17-Dec-18",NA,NA,NA,NA,"23:51","","17-Dec-18","Axy worked well","Dec17_2018","Dec17_2018_ZI_24653_1.csv"
"25","25028","Rolo","HJ","20-Nov-18",1,"19:51:04","MT","20-Nov-18","19:58:22",30,NA,149.645,"27-Nov-18","~21:45","15-Dec-18","22:30","16-Dec-18","0:59","","16-Dec-18",NA,NA,NA,NA,"0:40","","16-Dec-18","Kloo pit tag, axy worked well","Dec16_2018","Dec16_2018_HJ_25028_1.csv"
"26","24498","Kloo","BA","20-Nov-18",1,"19:53:07","ZA","20-Nov-18","19:59:45",30,NA,149.7,"21-Nov-18","~12:15","28-Jan-19","9:42","28-Jan-19","already off","","28-Jan-19",NA,NA,NA,NA,"already off","","27-Jan-19","axy worked well","Jan28_2019","Jan28_2019_BA_24498_1.csv"
"27","25206","Jo","CE","25-Nov-18",1,"15:10:04","MA","25-Nov-18","15:08:00",30,NA,149.56,"27-Nov-18","21:28","06-Dec-18","14:20","06-Dec-18","15:26","Y","06-Dec-18",NA,NA,NA,NA,"15:14","","06-Dec-18","Axy worked well","Dec06_2018","Dec06_2018_CE_25206_1.csv"
"28","24194","ChadBear","EH","05-Dec-18",1,"15:33:23","NG","05-Dec-18","15:55:39",30,NA,149.77,"05-Dec-18","~22:15","15-Jan-19","already off","15-Jan-19","07-Dec-18","","15-Jan-19",NA,NA,NA,NA,"23:58:19",NA,"15-Jan-19","axy worked well, but GPS worked only for 2 days","Jan15_2019","Jan15_2019_EH_24194_1.csv"
"29","25038","Rolo","HE","15-Dec-18",1,"16:45:00","AO","15-Dec-18","16:43:24",30,NA,149.56,"15-Dec-18","22:25","23-Jan-19","0:56","23-Jan-19","already off","","23-Jan-19",NA,NA,NA,NA,"","",NA,"axy didn’t work","Jan23_2019","Jan23_2019_HE_25038_1.csv"
"30","24335","Kloo","ET","15-Dec-18",1,"16:44:23","HB","15-Dec-18","16:43:10",30,NA,149.67,"15-Dec-18","23:08","13-Jan-19","22:35","14-Jan-19","0:46",NA,"14-Jan-19",NA,NA,NA,NA,"1:01","","14-Jan-19","axy worked well","Jan14_2019","Jan14_2019_ET_24335_1.csv"
"31","25219","Kloo","MP","15-Dec-18",1,"16:45:20","AH","15-Dec-18","16:42:14",30,NA,149.37,"15-Dec-18","23:25","03-Feb-19","19:30","03-Feb-19","already off","","03-Feb-19",NA,NA,NA,NA,"already off","","01-Feb-19","axy worked ell","Feb03_2019","Feb03_2019_MP_25219_1.csv"
"32","25028","Rolo","XD","15-Dec-18",1,"16:45:43","AI","15-Dec-18","16:41:53",30,NA,149.57,"15-Dec-18","22:30","03-Jan-19","16:00","03-Jan-19","17:46:40",NA,"03-Jan-19",NA,NA,NA,NA,"17:45:52",NA,"03-Jan-19","axy worked well","Jan03_2019","Jan03_2019_XD_25028_1.csv"
"33","25050","Kloo","YE","17-Dec-18",1,"13:14:52","AX","17-Dec-18","13:15:20",15,NA,149.079,"17-Dec-18","22:08","05-Jan-19","14:15","05-Jan-19","15:00",NA,"05-Jan-19",NA,NA,NA,NA,"16:27",NA,"05-Jan-19","axy worked well","Jan05_2019","Jan05_2019_YE_25050_1.csv"
"34","24611","Kloo","HJ alb","17-Dec-18",1,"13:15:56","AF","17-Dec-18","13:16:25",15,NA,149.72,"17-Dec-18","22:32","11-Feb-19","0:15","11-Feb-19","already off","","11-Feb-19",NA,NA,NA,NA,"1:21",NA,"11-Feb-19","axy worked well","Feb11_2019","Feb11_2019_HJ alb_24611_1.csv"
"35","22109","Kloo","HA","17-Dec-18",1,"13:16:49","AZ","17-Dec-18","13:17:10",15,NA,149.645,"17-Dec-18","22:55","24-Jan-19","0:45","24-Jan-19","already off","","24-Jan-19",NA,NA,NA,NA,"1:32","","24-Jan-19","axy worked well","Jan24_2019","Jan24_2019_HA_22109_1.csv"
"36","22837","Kloo","MZ","17-Dec-18",1,"13:17:32","MT","17-Dec-18","13:17:55",15,NA,149.03,"17-Dec-18","22:30","13-Jan-19","22:06","14-Jan-19","already off","","14-Jan-19",NA,NA,NA,NA,"0:57",NA,"14-Jan-19","axy worked well","Jan14_2019","Jan14_2019_MZ_22837_1.csv"
"37","24653","Kloo","CE","17-Dec-18",1,"13:18:15","MK","17-Dec-18","13:18:34",15,NA,149.309,"17-Dec-18","21:55","13-Jan-19","22:59","14-Jan-19","0:39",NA,"14-Jan-19",NA,NA,NA,NA,"0:53",NA,"14-Jan-19","axy worked well","Jan14_2019","Jan14_2019_CE_24653_1.csv"
"38","25049","Jo","HB Alb","18-Dec-18",1,"14:02:20","NB","18-Dec-18","14:01:29",15,NA,149.34,"18-Dec-18","~22:20","27-Jan-19","23:21","27-Jan-19"," already off",NA,"27-Jan-19",NA,NA,NA,NA,"~ 01:50",NA,"28-Jan-19","axy worked well","Jan27_2019","Jan27_2019_HB Alb_25049_1.csv"
"39","22847","Kloo","XD","04-Jan-19",1,"15:16:20","AI","04-Jan-19","15:17:00",15,NA,149.57,"04-Jan-19","22:30","08-Feb-19","0:53","08-Feb-19","already off","","08-Feb-19",NA,NA,NA,NA,"2:00","","08-Feb-19","axy worked well","Feb08_2019","Feb08_2019_XD_22847_1.csv"
"40","25021","Jo","BO","13-Jan-19",1,"17:25:22","HA","13-Jan-19","17:25:46",15,NA,149.32,"18-Jan-19","22:58","04-Feb-19","11:00","04-Feb-19","15:25","","04-Feb-19",NA,NA,NA,NA,"already off","","02-Feb-19","axy worked well","Feb04_2019","Feb04_2019_BO_25021_1.csv"
"41","24335","Kloo","YE","13-Jan-19",1,"17:26:25","AR","13-Jan-19","17:26:44",15,NA,149.814,"13-Jan-19","22:35","11-Feb-19","0:10","11-Feb-19","already off","","11-Feb-19",NA,NA,NA,NA,"1:34",NA,"11-Feb-19","GPS didn't work properly, but axy orked well","Feb11_2019","Feb11_2019_YE_24335_1.csv"
"42","22837","Kloo","HC","13-Jan-19",1,"17:27:12","8","13-Jan-19","17:27:34",15,NA,149.924,"13-Jan-19","22:06","25-Feb-19","11:32","22-Feb-19","already off","","25-Feb-19",NA,NA,NA,NA,"20:22","","25-Feb-19","axy worked well","Feb25_2019","Feb25_2019_HC_22837_1.csv"
"43","24653","Kloo","HI","13-Jan-19",1,"17:28:38","20","13-Jan-19","17:29:30",15,NA,149.665,"13-Jan-19","22:59","07-Feb-19","1:35","07-Feb-19","already off","","07-Feb-19",NA,NA,NA,NA,"2:11","","07-Feb-19","axy worked well","Feb07_2019","Feb07_2019_HI_24653_1.csv"
"44","25279","Jo","ZI","13-Jan-19",1,"17:34:34","AX","13-Jan-19","17:30:10",15,NA,149.24,"19-Jan-19","0:03","18-Feb-19","0:24","18-Feb-19","already off","","18-Feb-19",NA,NA,NA,NA,"1:34","","18-Feb-19","axy worked well","Feb18_2019","Feb18_2019_ZI_25279_1.csv"
"45","25676","CB","ZX",NA,1,NA,"19",NA,NA,15,NA,149.309,"15-Jan-19","23:17","20-Jan-19","22:16","20-Jan-19","~23:10","","20-Jan-19",NA,NA,NA,NA,"~23:35","","","time for GPS/XYZ turning on was not recorded","Jan20_2019","Jan20_2019_ZX_25676_1.csv"
"46","24194","CB","ET",NA,1,NA,"10",NA,NA,15,NA,149.079,"15-Jan-19","23:20","28-Jan-19","0:37","28-Jan-19","~01:40","","28-Jan-19",NA,NA,NA,NA,"~01:50","","","time for GPS/XYZ turning on was not recorded","Jan28_2019","Jan28_2019_ET_24194_1.csv"
"47","25678","Jo","CG","",1,"","MT","","",15,NA,149.67,"15-Jan-19","22:27","15-Feb-19","0:36","already off","already off","","15-Feb-19",NA,NA,NA,NA,"2:00","","","time for GPS/XYZ turning on was not recorded, GPS didn't worK","Feb15_2019","Feb15_2019_CG_25678_1.csv"
"48","24693","Jo","CE","17-Jan-19",1,"19:59:08","HB","17-Jan-19","20:00:02",15,NA,149.829,"18-Jan-19","23:16","10-Feb-19","1:03","10-Feb-19","by 02:15","Y","10-Feb-19",NA,NA,NA,NA,"by 02:15","","10-Feb-19","axy worked well, GPS dump?","Feb10_2019","Feb10_2019_CE_24693_1.csv"
"49","25253","Kloo/CB","MZ","17-Jan-19",1,"19:59:36","MK","17-Jan-19","20:00:26",15,NA,149.03,"19-Jan-19","0:28","05-Feb-19","0:35","05-Feb-19","already off","","05-Feb-19",NA,NA,NA,NA,"~02:50","","05-Feb-19","GPS didn’t work (accidentally turned off?)","Feb05_2019","Feb05_2019_MZ_25253_1.csv"
"50","24523","Kloo","XM","18-Jan-19",1,"19:37:35","17","18-Jan-19","19:38:27",15,NA,149.77,"23-Jan-19","23:51","20-Feb-19","9:45","20-Feb-19","already off","","20-Feb-19",NA,NA,NA,NA,"19:06","","20-Feb-19","axy worked well","Feb20_2019","Feb20_2019_XM_24523_1.csv"
"51","25166","Rolo","CF","18-Jan-19",1,"19:37:50","18","18-Jan-19","19:38:46",15,NA,151.695,"19-Jan-19","22:38","18-Feb-19","17:00","11-Feb-19","already off","","23-Feb-19",NA,NA,NA,NA,"already off","","23-Feb-19","axy wroked well","Feb23_2019","Feb23_2019_CF_25166_1.csv"
"52","24547","Jo","HF Alb","18-Jan-19",1,"19:38:06","21","18-Jan-19","19:39:05",15,NA,151.715,"22-Jan-19","23:00","10-Feb-19","0:38","10-Feb-19","by 02:15","","10-Feb-19",NA,NA,NA,NA,"by 02:15","","","axy didn't work (turned off?)","Feb10_2019","Feb10_2019_HF Alb_24547_1.csv"
"53","25092","Kloo","EH","19-Jan-19",1,"18:45:21","MG","19-Jan-19","18:46:02",15,NA,151.675,"19-Jan-19","23:05","08-Feb-19","8:40","08-Feb-19","9:55","","08-Feb-19",NA,NA,NA,NA,"9:54","","","axy worked well","Feb08_2019","Feb08_2019_EH_25092_1.csv"
"54","25029","Kloo","EA","19-Jan-19",1,"18:46:25","55","19-Jan-19","18:46:51",15,NA,151.655,"21-Jan-19","23:21","17-Feb-19","0:58","17-Feb-19","1:32","","17-Feb-19",NA,NA,NA,NA,"1:30","","17-Feb-19","axy orked well","Feb17_2019","Feb17_2019_EA_25029_1.csv"
"55","25676","CB","SS","19-Jan-19",1,"19:34:50","4","19-Jan-19","19:34:20",15,NA,151.555,"20-Jan-19","22:16","08-Feb-19","1:10","08-Feb-19","already off","","08-Feb-19",NA,NA,NA,NA,"2:10","","08-Feb-19","axy worked well, but MALE!!","Feb08_2019","Feb08_2019_SS_25676_1.csv"
"56","25297","Jo","HD Alb","19-Jan-19",1,"18:48:24","44","19-Jan-19","18:48:47",15,NA,151.265,"22-Jan-19","23:30","10-Feb-19","0:58","10-Feb-19","by 02:15","","10-Feb-19",NA,NA,NA,NA,"by 02:15","","10-Feb-19","axy worked well","Feb10_2019","Feb10_2019_HD Alb_25297_1.csv"
"57","25677","CB","EC","19-Jan-19",1,"18:49:08","HI","19-Jan-19","18:49:31",15,NA,151.635,"20-Jan-19","22:40","25-Feb-19","by 20:00","21-Jan-19","already off","","25-Feb-19",NA,NA,NA,NA,"21:52","","25-Feb-19","Dennis GPS, GPS didn't work","Feb25_2019","Feb25_2019_EC_25677_1.csv"
"58","25038","Rolo","BU","19-Jan-19",1,"18:49:58","MD","19-Jan-19","18:50:23",15,NA,151.596,"23-Jan-19","0:56","24-Feb-19","by 20:00","24-Feb-19","22:15","","24-Feb-19",NA,NA,NA,NA,"22:36","","24-Feb-19","Dennis GPS, axy orked well","Feb24_2019","Feb24_2019_BU_25038_1.csv"
"59","25258","Jo","EF","19-Jan-19",1,"19:16:01","NG","19-Jan-19","19:17:38",15,NA,151.615,"22-Jan-19","23:55","20-Feb-19","","20-Feb-19","already off","","20-Feb-19",NA,NA,NA,NA,"15:30","","20-Feb-19","axy worked well, GPS worked for only 2 days","Feb20_2019","Feb20_2019_EF_25258_1.csv"
"60","25026","Sulphur","ZX","22-Jan-19",1,"19:01:01","HD","22-Jan-19","19:02:25",15,NA,149.309,"27-Jan-19","0:06","28-Feb-19","23:20","19-Feb-19","already off","","01-Mar-19",NA,NA,NA,NA,"1:35","","01-Mar-19","Dennis GPS, axy worked well","Mar01_2019","Mar01_2019_ZX_25026_1.csv"
"61","24168","Sulphur","HH alb","22-Jan-19",1,"19:01:45","MM","22-Jan-19","19:02:48",15,NA,149.329,"27-Jan-19","2:10","28-Feb-19","23:48","26-Feb-19","already off","","28-Feb-19",NA,NA,NA,NA,"1:34","","01-Mar-19","Dennis GPS, axy worked well","Feb28_2019","Feb28_2019_HH alb_24168_1.csv"
"62","25695","Jo","BL","22-Jan-19",1,"19:02:02","19","22-Jan-19","19:03:06",15,NA,151.535,"22-Jan-19","23:45","09-Feb-19","0:53","09-Feb-19","1:43","","09-Feb-19",NA,NA,NA,NA,"1:46","","09-Feb-19","axy worked well","Feb09_2019","Feb09_2019_BL_25695_1.csv"
"63","22109","Kloo","NB","23-Jan-19",1,"21:12:42","AM","23-Jan-19","21:13:17",15,NA,149.46,"24-Jan-19","0:42","31-Jan-19","by 13:30","31-Jan-19","14:35","","31-Jan-19",NA,NA,NA,NA,"","","24-Jan-19","Dennis GPS, axy didn't work","Jan31_2019","Jan31_2019_NB_22109_1.csv"
"64","24143","Sulphur","HE","23-Jan-19",1,"21:13:55","MP","23-Jan-19","21:14:25",15,NA,151.575,"27-Jan-19","0:49","18-Feb-19","","18-Feb-19","19:35","","18-Feb-19",NA,NA,NA,NA,"already off","",NA,"Dennis GPS, axy didn't work","Feb18_2019","Feb18_2019_HE_24143_1.csv"
"65","24306","Sulphur","CD","23-Jan-19",1,"21:15:09","AO","23-Jan-19","21:15:34",15,NA,151.515,"27-Jan-19","1:00","01-Mar-19","22:33","23-Jan-19","already off","","01-Mar-19",NA,NA,NA,NA,"","","01-Mar-19","GPS didn’t work, axy data can't be opened","Mar01_2019","Mar01_2019_CD_24306_1.csv"
"66","24498","Kloo","BZ","23-Jan-19",1,"21:16:07","ME","23-Jan-19","21:16:34",15,NA,151.495,"28-Jan-19","9:42","20-Feb-19","9:30","20-Feb-19","already off","","20-Feb-19",NA,NA,NA,NA,"19:09","","20-Feb-19","Dennis GPS, axy worked ell","Feb20_2019","Feb20_2019_BZ_24498_1.csv"
"67","25049","Jo","JJ Alb","27-Jan-19",1,"21:31:43","AZ","27-Jan-19","21:05:45",15,NA,150.435,"27-Jan-19","23:21","18-Feb-19","18:00","18-Feb-19","19:46","","18-Feb-19",NA,NA,NA,NA,"19:58","","18-Feb-19","axy worked well","Feb18_2019","Feb18_2019_JJ Alb_25049_1.csv"
"68","24194","Chad Bear","HA","27-Jan-19",1,"21:32:02","TD","27-Jan-19","21:03:16",15,NA,151.465,"28-Jan-19","0:37","14-Feb-19","15:15","14-Feb-19","by 16:00","","14-Feb-19",NA,NA,NA,NA,"already off","","02-Feb-19","Dennis GPS, axy worked for only a couple of days","Feb14_2019","Feb14_2019_HA_24194_1.csv"
"69","25682","Rolo","3","27-Jan-19",1,"21:32:57","NH","27-Jan-19","21:12:50",15,NA,149.861,"30-Jan-19","0:39","20-Feb-19","by 12:00","20-Feb-19","14:42","","20-Feb-19",NA,NA,NA,NA,"15:30","","20-Feb-19","Dennis GPS, axy worked well","Feb20_2019","Feb20_2019_3_25682_1.csv"
"70","25699","Kloo","BA","29-Jan-19",1,"20:38:11","10","29-Jan-19","20:39:28",15,NA,149.079,"30-Jan-19","0:50","25-Feb-19","by 20:00","25-Feb-19","21:21","","25-Feb-19",NA,NA,NA,NA,"21:54","","25-Feb-19","axy worked well","Feb25_2019","Feb25_2019_BA_25699_1.csv"
"71","25253","Chad Bear","ET","29-Jan-19",1,"20:38:30","ZA","29-Jan-19","20:40:07",15,NA,149.701,"05-Feb-19","0:37","08-Feb-19","0:56","08-Feb-19","1:45","","08-Feb-19",NA,NA,NA,NA,"2:01","","08-Feb-19","axy worked well","Feb08_2019","Feb08_2019_ET_25253_1.csv"
"72","24404","Rolo","NB","04-Feb-19",1,"22:46:46","AM","04-Feb-19","22:47:14",15,NA,149.46,"05-Feb-19","23:48","22-Feb-19","by 19:30","22-Feb-19","22:40","","22-Feb-19",NA,NA,NA,NA,"already off","","06-Feb-19","axy worked for only 1 day","Feb22_2019","Feb22_2019_NB_24404_1.csv"
"73","24271","Kloo","MP","04-Feb-19",1,"22:48:00","AH","04-Feb-19","22:48:33",15,NA,149.37,"05-Feb-19","1:34","09-Apr-19","11:00","17-Mar-19","already off","","09-Apr-19",NA,NA,NA,NA,"17:38","","09-Apr-19","axy worked well","Apr09_2019","Apr09_2019_MP_24271_1.csv"
"74","25686","Rolo","BO","04-Feb-19",1,"22:48:56","HA","04-Feb-19","22:49:25",15,NA,149.319,"05-Feb-19","23:35","18-Feb-19","0:35","18-Feb-19","1:30","","18-Feb-19",NA,NA,NA,NA,"1:40","","18-Feb-19","axy worked well, but MALE!!","Feb18_2019","Feb18_2019_BO_25686_1.csv"
"75","22847","Kloo","HB","06-Feb-19",1,"23:10:13","HG","06-Feb-19","23:13:23",15,NA,149.03,"08-Feb-19","0:53","20-Mar-19","0:50","17-Mar-19","already off","","20-Mar-19",NA,NA,NA,NA,"0:53","","20-Mar-19","Dennis GPS, axy worked well","Mar20_2019","Mar20_2019_HB_22847_1.csv"
"76","25253","Chad Bear","2","06-Feb-19",1,"23:10:37","NB","06-Feb-19","23:15:28",15,NA,151.445,"08-Feb-19","0:56","22-Feb-19","by 19:30","22-Feb-19","22:31","","22-Feb-19",NA,NA,NA,NA,"already off","","12-Feb-19","Dennis GPS, axy worked for only 4 days","Feb22_2019","Feb22_2019_2_25253_1.csv"
"77","24653","Kloo","5","06-Feb-19",1,"23:11:24","AW","06-Feb-19","23:16:56",15,NA,149.34,"07-Feb-19","1:38","22-Feb-19","by 19:30","22-Feb-19","22:28","","22-Feb-19",NA,NA,NA,NA,"23:05","","22-Feb-19","Dennis GPS, axy worked well","Feb22_2019","Feb22_2019_5_24653_1.csv"
"78","25092","Kloo",NA,"06-Feb-19",1,"23:31:30","MK","06-Feb-19","23:32:25",15,NA,149.645,"08-Feb-19","8:40","06-Apr-19","10:00","13-Mar-19","already off","","08-Apr-19",NA,NA,NA,NA,"13:48","","08-Apr-19","axy worked well","Apr08_2019","Apr08_2019_NA_25092_1.csv"
"79","25695","Jo","ET","08-Feb-19",1,"22:03:50","ZA","08-Feb-19","22:06:06",15,NA,149.11,"09-Feb-19","0:53","21-Mar-19","by 10:00","21-Mar-19","20:45","","21-Mar-19",NA,NA,NA,NA,"20:30","","21-Mar-19","axy worked well","Mar21_2019","Mar21_2019_ET_25695_1.csv"
"80","24547","Jo","SS Alb","08-Feb-19",1,"22:04:20","4","08-Feb-19","22:18:40",15,NA,149.57,"10-Feb-19","0:38","12-Mar-19","0:07","15-Feb-19","already off","","12-Mar-19",NA,NA,NA,NA,"1:36","","12-Mar-19","axy worked well, GPS didn't work well","Mar12_2019","Mar12_2019_SS Alb_24547_1.csv"
"81","24693","Jo","4","08-Feb-19",1,"22:05:03","MG","08-Feb-19","22:07:25",15,NA,149.665,"10-Feb-19","1:03","21-Feb-19","17:30","21-Feb-19","19:05","","21-Feb-19",NA,NA,NA,NA,"19:08","","21-Feb-19","axy worked well","Feb21_2019","Feb21_2019_4_24693_1.csv"
"82","24335","Kloo","XD","08-Feb-19",1,"22:05:25","AI","08-Feb-19","22:07:49",15,NA,151.555,"11-Feb-19","0:10","25-Feb-19","by 20:00","25-Feb-19","21:50","","25-Feb-19",NA,NA,NA,NA,"21:59","","25-Feb-19","axy worked ell","Feb25_2019","Feb25_2019_XD_24335_1.csv"
"83","24611","Kloo","CE alb","10-Feb-19",1,"21:27:16","21","10-Feb-19","21:27:38",15,NA,151.535,"11-Feb-19","0:15","19-Mar-19","18:15","19-Feb-19","already off","","19-Mar-19",NA,NA,NA,NA,"18:45","","19-Mar-19","axy worked well, GPS worked only 8-9 days","Mar19_2019","Mar19_2019_CE alb_24611_1.csv"
"84","25246","Jo","HJ alb","13-Feb-19",1,"19:13:08","AF","13-Feb-19","19:13:25",15,NA,149.72,"15-Feb-19","1:22","04-Mar-19","by 13:15","02-Mar-19","already off","","04-Mar-19",NA,NA,NA,NA,"16:48","","04-Mar-19","axy worked well","Mar04_2019","Mar04_2019_HJ alb_25246_1.csv"
"85","25678","Jo","HD","14-Feb-19",1,"19:06:11","TD","14-Feb-19","19:07:12",15,NA,149.814,"15-Feb-19","0:36","24-Feb-19","by 20:00","24-Feb-19","22:00","","24-Feb-19",NA,NA,NA,NA,"22:27","","24-Feb-19","Dennis GPS, axy orked ell","Feb24_2019","Feb24_2019_HD_25678_1.csv"
"86","24498","Kloo","EH","15-Feb-19",1,"19:03:15","AC","15-Feb-19","19:02:50",15,NA,149.589,"20-Feb-19","17:15","13-Mar-19","1:05","13-Mar-19","1:52","","13-Mar-19",NA,NA,NA,NA,"1:58","","13-Mar-19","axy worked well","Mar13_2019","Mar13_2019_EH_24498_1.csv"
"87","25029","Kloo","HF Alb","16-Feb-19",1,"20:49:29","19","16-Feb-19","20:50:56",15,NA,149.29,"17-Feb-19","0:58","10-Mar-19","23:24","10-Mar-19","1:15","","11-Mar-19",NA,NA,NA,NA,"0:27","","11-Mar-19","axy worked well","Mar11_2019","Mar11_2019_HF Alb_25029_1.csv"
"88","25279","Jo","CG","16-Feb-19",1,"20:50:10","MT","16-Feb-19","20:51:51",15,NA,149.82,"18-Feb-19","0:24","23-Feb-19","11:30","23-Feb-19","15:02","","23-Feb-19",NA,NA,NA,NA,"15:04","","23-Feb-19","axy worked well","Feb23_2019","Feb23_2019_CG_25279_1.csv"
"89","24523","Kloo","EA","19-Feb-19",1,"21:12:19","AZ","19-Feb-19","21:12:45",15,NA,149.829,"20-Feb-19","17:00","14-Apr-19","11:30","20-Mar-19","already off","","14-Apr-19",NA,NA,NA,NA,"by 13:00","","14-Apr-19","axy worked well","Apr14_2019","Apr14_2019_EA_24523_1.csv"
"90","25689","Rolo","JJ","19-Feb-19",1,"21:13:54","AX","19-Feb-19","21:14:11",15,NA,149.32,"21-Feb-19","18:40","24-Feb-19","by 16:30:00","24-Feb-19","21:25","","24-Feb-19",NA,NA,NA,NA,"21:30","","24-Feb-19","axy worked well","Feb24_2019","Feb24_2019_JJ_25689_1.csv"
"91","24404","Rolo","YE","20-Feb-19",1,"17:41:57","NH","20-Feb-19","17:42:15",15,NA,149.01,"22-Feb-19","21:10","24-Feb-19","by 16:30:00","24-Feb-19","21:25","","24-Feb-19",NA,NA,NA,NA,"21:28","","24-Feb-19","axy worked well","Feb24_2019","Feb24_2019_YE_24404_1.csv"
"92","24653","Kloo","ZI","20-Feb-19",1,"17:43:13","HB","20-Feb-19","17:43:35",15,NA,149.69,"22-Feb-19","20:55","10-Mar-19","23:40","10-Mar-19","1:15","","11-Mar-19",NA,NA,NA,NA,"0:34","","11-Mar-19","axy worked well","Mar11_2019","Mar11_2019_ZI_24653_1.csv"
"93","25253","Chad Bear","EF","20-Feb-19",1,"17:43:56","NG","20-Feb-19","17:44:20",15,NA,149.861,"22-Feb-19","21:05","15-Mar-19","9:01","already off","already off","","15-Mar-19",NA,NA,NA,NA,"9:25","","15-Mar-19","axy worked well, but GPS didn't ","Mar15_2019","Mar15_2019_EF_25253_1.csv"
"94","25677","Chad Bear","BL","21-Feb-19",1,"17:36:48","17","21-Feb-19","17:37:28",15,NA,149.701,"25-Feb-19","by 21:30:00","28-Feb-19","by 13:10","28-Feb-19","14:30","","28-Feb-19",NA,NA,NA,NA,"14:33","","28-Feb-19","axy worked well","Feb28_2019","Feb28_2019_BL_25677_1.csv"
"95","25038","Rolo","BZ","21-Feb-19",1,"17:37:05","55","21-Feb-19","17:37:42",15,NA,149.769,"24-Feb-19","by 21:30:00","15-Mar-19","8:41","15-Mar-19","9:24","","15-Mar-19",NA,NA,NA,NA,"9:25","","15-Mar-19","axy worked well","Mar15_2019","Mar15_2019_BZ_25038_1.csv"
"96","25687","Jo","BX","22-Feb-19",1,"17:20:54","HA","22-Feb-19","17:21:24",15,NA,149.1,"24-Feb-19","by 21:30:00","21-Mar-19","by 10:00","21-Mar-19","21:15","","21-Mar-19",NA,NA,NA,NA,"already off","","04-Mar-19","axy worked only for 8-9 days ","Mar21_2019","Mar21_2019_BX_25687_1.csv"
"97","25678","Jo","4","22-Feb-19",1,"17:21:48","AR","22-Feb-19","17:22:11",15,NA,149.81,"24-Feb-19","by 21:30:00","01-Mar-19","12:00","01-Mar-19","14:43","","01-Mar-19",NA,NA,NA,NA,"14:53","","01-Mar-19","axy worked well","Mar01_2019","Mar01_2019_4_25678_1.csv"
"98","22837","Kloo","3","22-Feb-19",1,"17:22:32","ME","22-Feb-19","17:22:55",15,NA,149.665,"25-Feb-19","12:00","06-Apr-29","by 10:30","27-Mar-19","already off","","08-Apr-19",NA,NA,NA,NA,"13:40","","08-Apr-19","axy worked well","Apr08_2019","Apr08_2019_3_22837_1.csv"
"99","25603","Jo","XM","22-Feb-19",1,"17:23:12","MG","22-Feb-19","17:23:28",15,NA,149.158,"24-Feb-19","by 21:30:00","01-Mar-19","12:30","01-Mar-19","14:52","","01-Mar-19",NA,NA,NA,NA,"14:57","","01-Mar-19","axy worked well","Mar01_2019","Mar01_2019_XM_25603_1.csv"
"100","24335","Kloo","5","25-Feb-19",1,"0:03:10","AW","25-Feb-19","0:03:38",15,NA,149.01,"25-Feb-19","by 21:30:00","06-Apr-19","10:41","06-Apr-19","14:35","","08-Apr-19",NA,NA,NA,NA,"13:44","","08-Apr-19","axy worked well","Apr08_2019","Apr08_2019_5_24335_1.csv"
"101","25699","Kloo","CG","25-Feb-19",1,"0:04:43","NB","25-Feb-19","0:05:08",15,NA,149.82,"25-Feb-19","by 21:30:00","02-Mar-19","17:00","02-Mar-19","20:19","","02-Mar-19",NA,NA,NA,NA,"","","","axy data can’t be donloaded","Mar02_2019","Mar02_2019_CG_25699_1.csv"
"102","24168","Sulphur","YE alb","28-Feb-19",1,"20:24:05","AM","28-Feb-19","20:25:00",15,NA,149.34,"28-Feb-19","23:48","21-Mar-19","by 13:00","21-Mar-19","20:50","","21-Mar-19",NA,NA,NA,NA,"20:30","","21-Mar-19","axy worked well","Mar21_2019","Mar21_2019_YE alb_24168_1.csv"
"103","25026","Sulphur","JJ","28-Feb-19",1,"20:25:22","17","28-Feb-19","20:25:52",15,NA,149.814,"28-Feb-19","23:20","02-Apr-19","9:00","25-Mar-19","already off","","02-Apr-19",NA,NA,NA,NA,"by 17:00","","02-Apr-19","axy worked well","Apr02_2019","Apr02_2019_JJ_25026_1.csv"
"104","25236","Sulphur","BL","28-Feb-19",1,"20:26:12","44","28-Feb-19","20:26:32",15,NA,149.924,"28-Feb-19","23:28","02-Apr-19","9:00","22-Mar-19","already off","","02-Apr-19",NA,NA,NA,NA,"by 17:00","","02-Apr-19","axy worked well","Apr02_2019","Apr02_2019_BL_25236_1.csv"
"105","24306","Sulphur","4","01-Mar-19",1,"16:12:16","MM","01-Mar-19","16:14:00",15,NA,149.81,"01-Mar-19","22:33","02-Apr-19","9:00","02-Apr-19","16:05","","02-Apr-19",NA,NA,NA,NA,"by 17:00","","02-Apr-19","axy worked well","Apr02_2019","Apr02_2019_4_24306_1.csv"
"106","30341","Sulphur","XM","01-Mar-19",1,"16:12:59","10","01-Mar-19","16:14:39",15,NA,149.329,"01-Mar-19","22:36","05-Mar-19","13:00","05-Mar-19","21:05","","05-Mar-19",NA,NA,NA,NA,"21:09","","05-Mar-19","axy worked well","Mar05_2019","Mar05_2019_XM_30341_1.csv"
"107","25226","Sulphur","EC","01-Mar-19",1,"16:13:17","HD","01-Mar-19","16:15:09",15,NA,149.309,"01-Mar-19","22:47","02-Apr-19","9:00","30-Mar-19","already off","","02-Apr-19",NA,NA,NA,NA,"by 17:00","","02-Apr-19","axy worked well","Apr02_2019","Apr02_2019_EC_25226_1.csv"
"108","25205","Sulphur","ZX","01-Mar-19",1,"16:13:33","AI","01-Mar-19","16:17:49",15,NA,149.159,"01-Mar-19","22:20","02-Apr-19","9:00","02-Apr-19","16:30","","02-Apr-19",NA,NA,NA,NA,"by 17:00","","02-Apr-19","axy worked well","Apr02_2019","Apr02_2019_ZX_25205_1.csv"
"109","24375","Agnes","BU","07-Mar-19",1,"16:23:48","10","07-Mar-19","16:26:39",15,NA,151.555,"08-Mar-19","1:30","09-Apr-19","by 11:00","already off","already off","","09-Apr-19",NA,NA,NA,NA,"17:41","","09-Apr-19","GPS didn't work, axy worked well","Apr09_2019","Apr09_2019_BU_24375_1.csv"
"110","24599","Agnes","HJ alb","07-Mar-19",1,"16:24:18","AR","07-Mar-19","16:27:04",15,NA,151.675,"07-Mar-19","23:51","09-Apr-19","by 11:00","09-Apr-19","17:25","","09-Apr-19",NA,NA,NA,NA,"17:54","","09-Apr-19","axy worked well","Apr09_2019","Apr09_2019_HJ alb_24599_1.csv"
"111","25277","Agnes","2","07-Mar-19",1,"16:24:57","NH","07-Mar-19","16:27:47",15,NA,151.615,"08-Mar-19","0:46","09-Apr-19","by 11:00","already off","already off","","09-Apr-19",NA,NA,NA,NA,"already off","","16-Mar-19","GPS didn't work, axy worked for only 10 days","Apr09_2019","Apr09_2019_2_25277_1.csv"
"112","25086","Agnes","XM","07-Mar-19",1,"16:25:09","MG","07-Mar-19","16:28:17",15,NA,151.445,"08-Mar-19","0:25","09-Apr-19","by 11:00","05-Apr-19","already off","","09-Apr-19",NA,NA,NA,NA,"17:45","","09-Apr-19","axy worked well","Apr09_2019","Apr09_2019_XM_25086_1.csv"
"113","25697","Agnes","HH alb","07-Mar-19",1,"16:25:27","AF","07-Mar-19","19:52:43",15,NA,150.435,"07-Mar-19","23:48","21-Mar-19","by 13:30","21-Mar-19","21:00","","21-Mar-19",NA,NA,NA,NA,"20:30","","21-Mar-19","axy worked well","Mar21_2019","Mar21_2019_HH alb_25697_1.csv"
"114","24956","Agnes","BA","07-Mar-19",1,"16:25:47","AO","07-Mar-19","19:53:36",15,NA,151.635,"08-Mar-19","0:10","09-Apr-19","by 11:00","06-Apr-19","already off","Y","09-Apr-19",NA,NA,NA,NA,"17:50","","09-Apr-19","axy worked well","Apr09_2019","Apr09_2019_BA_24956_1.csv"
"115","25029","Kloo","CD","09-Mar-19",1,"21:05:00","AX","09-Mar-19","21:05:23",15,NA,149.329,"10-Mar-19","23:24","06-Apr-19","9:47","06-Apr-19","15:00","","08-Apr-19",NA,NA,NA,NA,"13:38","","","axy worked incorrectly…","Apr08_2019","Apr08_2019_CD_25029_1.csv"
"116","24498","Kloo","XD","09-Mar-19",1,"21:05:50","MD","09-Mar-19","21:06:08",15,NA,149.82,"13-Mar-19","1:05","09-Apr-19","11:00","09-Apr-19","16:45","Y","09-Apr-19",NA,NA,NA,NA,"17:35","","09-Apr-19","axy worked well","Apr09_2019","Apr09_2019_XD_24498_1.csv"
"117","24653","Kloo","HA Alb","09-Mar-19",1,"21:07:28","NB","09-Mar-19","21:07:50",15,NA,149.46,"10-Mar-19","23:40","06-Apr-19","by 10:30","06-Apr-19","15:20","","08-Apr-19",NA,NA,NA,NA,"13:35","","08-Apr-19","axy wroked well","Apr08_2019","Apr08_2019_HA Alb_24653_1.csv"
"118","24547","Jo","HC Alb","09-Mar-19",1,"21:08:26","8","09-Mar-19","21:08:51",15,NA,149.22,"12-Mar-19","0:07","05-Apr-19","13:00","05-Apr-19","14:05","","05-Apr-19",NA,NA,NA,NA,"13:04","","05-Apr-19","axy worked well","Apr05_2019","Apr05_2019_HC Alb_24547_1.csv"
"119","25253","Chad Bear","HD Alb","14-Mar-19",1,"19:22:14","4","14-Mar-19","19:22:40",15,NA,149.72,"15-Mar-19","9:01","31-Mar-19","9:30","31-Mar-19","13:00","","31-Mar-19",NA,NA,NA,NA,"13:05","","31-Mar-19","axy worked well","Mar31_2019","Mar31_2019_HD Alb_25253_1.csv"
"120","25038","Rolo","EH","14-Mar-19",1,"19:22:59","AC","14-Mar-19","19:23:17",15,NA,149.32,"15-Mar-19","8:41","12-Apr-19","9:00","12-Apr-19","9:25","","12-Apr-19",NA,NA,NA,NA,"9:38","","","axy data is too large","Apr12_2019","Apr12_2019_EH_25038_1.csv"
"121","22847","Kloo","EF","18-Mar-19",1,"12:14:05","HB","18-Mar-19","12:14:25",15,NA,149.69,"20-Mar-19","0:50","06-Apr-19","by 10:30","06-Apr-19","15:08","","08-Apr-19",NA,NA,NA,NA,"13:32","","08-Apr-19","axy worked well","Apr08_2019","Apr08_2019_EF_22847_1.csv"
"122","25695","Jo","SS","18-Mar-19",1,"12:15:03","IH","18-Mar-19","12:15:21",15,NA,149.859,"21-Mar-19","9:00","04-Apr-19","13:00","27-Mar-19","already off","","04-Apr-19",NA,NA,NA,NA,"15:08","","04-Apr-19","axy worked well","Apr04_2019","Apr04_2019_SS_25695_1.csv"
"123","25687","Jo","BZ","18-Mar-19",1,"12:15:38","19","18-Mar-19","12:15:57",15,NA,149.589,"21-Mar-19","9:06","09-Apr-19","by 14:00","","","","09-Apr-19",NA,NA,NA,NA,"17:30","","09-Apr-19","GPS doesn't turn on, axy worked well","Apr09_2019","Apr09_2019_BZ_25687_1.csv"
"124","25017","Kloo","HF Alb","18-Mar-19",1,"12:16:16","NF","18-Mar-19","12:16:35",15,NA,149.7,"21-Mar-19","10:02","16-Apr-19","15:30","already off","already off","","16-Apr-19",NA,NA,NA,NA,"21:53","","16-Apr-19","GPS didn't work, axy worked well","Apr16_2019","Apr16_2019_HF Alb_25017_1.csv"
